{
  "sgd": {
    "losses": [
      50.01534807682037,
      38.07392740249634,
      31.623794436454773,
      27.80500078201294,
      26.17582356929779,
      25.234456658363342,
      24.880125403404236,
      24.526633858680725,
      24.424936532974243,
      24.379801630973816,
      24.225578248500824,
      24.132234692573547,
      24.29343616962433,
      24.03802466392517,
      24.237033247947693,
      24.062358021736145,
      24.144866347312927,
      24.16078007221222,
      24.22267997264862,
      24.061970114707947
    ],
    "lr": 0.01
  },
  "polyak": {
    "losses": [
      35.485677003860474,
      32.996304392814636,
      34.88348972797394,
      34.12456667423248,
      34.26536703109741,
      33.671213030815125,
      34.72046208381653,
      33.87568545341492,
      33.82282257080078,
      34.27686166763306,
      33.05836629867554,
      33.63580799102783,
      33.51507484912872,
      33.736069560050964,
      33.70457649230957,
      33.34833550453186,
      32.33482563495636,
      33.347946524620056,
      34.47063207626343,
      34.398792028427124
    ],
    "step_sizes": [
      0.22958054750908385,
      0.462994437272809,
      0.35226513801354004,
      0.48558484758039505,
      0.7107768402819071,
      0.3471084977612522,
      0.6745962934402852,
      0.2684915804334613,
      0.35165981665026275,
      0.6028524927680666,
      0.3171058676959278,
      0.44932817751781223,
      0.6383870668812239,
      0.55594315878604,
      0.33425036633864347,
      0.3210010177156516,
      0.30164004670135114,
      0.766968201995952,
      0.31009769526844816,
      0.39713561854163854,
      0.41937919849482175,
      0.3556964580787484,
      0.4901090567047774,
      0.5641846458900106,
      0.4848456179952285,
      0.3707536146323974,
      0.2910128234247074,
      0.7121251415133567,
      0.44216749128482985,
      0.8492667115661588,
      0.5143502490573457,
      0.35367938036966245,
      0.48141881007583814,
      0.4705881162994187,
      0.5360811945462834,
      0.5399822083844951,
      0.4547009383042744,
      0.5051548262266262,
      0.3957857084834038,
      0.41446456006778526,
      0.5590423924167963,
      0.260693279734009,
      0.7179783989075564,
      0.29134615066895486,
      0.6201677720794394,
      0.2923451796696198,
      0.39117684998386704,
      0.2242058651986614,
      0.5246777596500124,
      0.4022276703586601,
      0.554182779716608,
      0.3253669675139582,
      0.38740215774952885,
      0.5025032790396933,
      0.392314030509423,
      0.32277850037820854,
      0.5512915206147609,
      0.23715402367593183,
      0.45789922931878607,
      0.6431482625403087,
      0.38978104325508456,
      0.8001257059694975,
      0.3950568318477302,
      0.2253438002342282,
      0.5590175540889832,
      0.524410054637173,
      0.3414595726828206,
      0.5749790238634074,
      0.30872532424726606,
      0.45028684724672297,
      0.5254490763482905,
      0.37271991023477047,
      0.5544295038383541,
      0.4578430677395206,
      0.3865563223184417,
      0.33720935241594696,
      0.6378795725081325,
      0.25087754003460205,
      0.2900435507823768,
      0.246141168267039,
      0.38293549534722404,
      0.34876452881831926,
      0.3473619019474705,
      1.3735565900607754,
      0.38408080972027225,
      0.2846380351345814,
      0.3857180527751824,
      0.4197836321804601,
      0.42846871763709954,
      0.45261130430099966,
      0.2711963887296457,
      0.41304346010364523,
      0.5496763247874642,
      0.43711251815314117,
      0.34832926657868774,
      0.26857269546393076,
      0.3616919994673521,
      0.7156644148509455,
      0.5440540944093878,
      0.32636615337838865,
      0.34595902100050174,
      0.5038579441702931,
      0.3664197150114395,
      0.4179547282498318,
      0.7202125766845905,
      0.3632006634952943,
      0.42708057674702804,
      0.34925079236661694,
      0.6568472861723266,
      0.3778205911713611,
      0.3567555366548974,
      0.2725499842202232,
      0.6471937195383706,
      0.36902196851783164,
      0.4810040049318614,
      0.3824699968732301,
      0.36555185032830645,
      0.6703372216390928,
      0.3870513280488991,
      0.48237280982029535,
      0.6401109140242814,
      0.3445827191861757,
      0.5016507073498175,
      0.33062142842118253,
      0.24694249528999357,
      0.4407409796787609,
      0.24249846180308995,
      0.38033611917593063,
      0.8160000410422849,
      0.30691173416528433,
      0.3721021722444995,
      0.619017047272657,
      0.32733370317996524,
      0.4345579976378551,
      0.2538148589683975,
      0.5978696390914797,
      0.3822567078510733,
      0.3457323841872277,
      0.5716042162288061,
      0.31228616948988314,
      0.3904304987084972,
      0.6938609425682581,
      0.3196707105422706,
      0.24916934493141565,
      0.3145185823606424,
      1.0773580837593002,
      0.3408723708522643,
      0.4030732688444066,
      0.4618892630683887,
      0.5041705290805121,
      0.4095625463780728,
      0.6042042797820848,
      0.41003368588295613,
      0.529975356370638,
      0.41403017718458707,
      0.5541440153492078,
      0.6779356949218969,
      0.25516069384281687,
      0.48020783349346136,
      0.3582422889610088,
      0.3960715148461964,
      0.42985766145762017,
      0.5000259138013201,
      0.317436812537762,
      0.6341877506207243,
      0.6131522487230697,
      0.2830083790351452,
      0.37834541641453145,
      0.3898868742199754,
      0.41605987129353755,
      0.3648398794567526,
      0.5845400413260032,
      0.3753860406835895,
      0.6605761521367005,
      0.4361420581253304,
      0.3970530176831452,
      0.4027016539404394,
      0.7832325407360297,
      0.31427713861712037,
      0.5032742547086311,
      0.285611654552028,
      0.7030385581857655,
      0.37407048946295846,
      0.40113240016221197,
      0.4843003466477941,
      0.35646863333994183,
      0.5742806138593551,
      0.5626075398592919,
      0.5565441144572723,
      0.48605470769972015,
      0.5484272628863198,
      0.2483452695648314,
      0.324097604893113,
      0.5458703247493049,
      0.35342805346333,
      0.4000834986374772,
      0.7007954925913766,
      0.27594920431956865,
      0.4444421781704236,
      0.9869605334774023,
      0.28978100850179345,
      0.5466347881025345,
      0.558243154584412,
      0.4005149659975525,
      0.4510531934647156,
      0.5341270031100818,
      0.5241053176265922,
      0.2868502962126846,
      0.6303664829382192,
      0.23821506994774624,
      0.46936124759655773,
      0.580840570820346,
      0.32097732775564636,
      0.638746383270788,
      0.3824521831015239,
      0.5127574493492522,
      0.40425311795446567,
      0.8213936230549069,
      0.4223899843080024,
      0.5002173944840391,
      0.44648443375724883,
      0.5787070649274138,
      0.2802435918809282,
      0.3092620956345451,
      0.4816929184242642,
      0.6777273290375363,
      0.5337798218095728,
      0.2542802627501809,
      0.4841184883847804,
      0.4005526831426093,
      0.30892113366356694,
      0.3780622850535364,
      0.5298413323442266,
      0.7002659314698373,
      0.30784665315818366,
      0.38019173104779275,
      0.5887823964336644,
      0.5332636264025786,
      0.3528388982609093,
      0.4859457444313361,
      0.5787707286250668,
      0.45768290887981533,
      0.3058819802348555,
      0.3798623091724036,
      0.33697763401614134,
      0.50753123450697,
      0.3158278054814982,
      0.6042746643857847,
      0.5807656017825601,
      0.35484539692488776,
      0.8961779924498735,
      0.32497901711234795,
      0.3824181353788068,
      0.4425393820502391,
      0.420705581653473,
      0.2983933871827158,
      0.28159374146140204,
      0.44920463946158545,
      0.3578457871446031,
      0.40128873954007555,
      0.4471607406464831,
      0.47528547046699887,
