{
  "0.001": {
    "final_loss": 10.77020651102066,
    "loss_decreased": true,
    "oscillation": 0.871687650680542,
    "losses": [
      34.19488024711609,
      32.32655656337738,
      30.636534333229065,
      28.47328495979309,
      26.896779656410217,
      25.311863660812378,
      23.553454995155334,
      22.165679931640625,
      20.778094112873077,
      19.738877952098846,
      18.61539536714554,
      17.519429445266724,
      16.407141089439392,
      15.410523116588593,
      14.455814838409424,
      13.707845628261566,
      12.845154464244843,
      12.025729238986969,
      11.468491852283478,
      10.77020651102066
    ]
  },
  "0.01": {
    "final_loss": 0.9576796572655439,
    "loss_decreased": true,
    "oscillation": 0.0072722673002216555,
    "losses": [
      30.003296613693237,
      16.038841724395752,
      8.879341393709183,
      5.120773404836655,
      3.154256157577038,
      2.1532306224107742,
      1.617840826511383,
      1.3065628558397293,
      1.1523832343518734,
      1.0706827007234097,
      1.0188985206186771,
      0.9937252514064312,
      0.986263245344162,
      0.9776677191257477,
      0.977533608675003,
      0.973385501652956,
      0.9755012728273869,
      0.9675214439630508,
      0.962009821087122,
      0.9576796572655439
    ]
  },
  "0.1": {
    "final_loss": 1.018428348004818,
    "loss_decreased": true,
    "oscillation": 0.009288734445969263,
    "losses": [
      7.217086236923933,
      1.0164491273462772,
      1.0207277052104473,
      1.0133193284273148,
      1.0017579719424248,
      1.0116678848862648,
      1.0171361826360226,
      1.0106710977852345,
      1.0263992883265018,
      1.0077722892165184,
      1.0307091288268566,
      1.0231583565473557,
      1.0234706066548824,
      1.001871146261692,
      1.019046202301979,
      1.0142116360366344,
      1.0069220699369907,
      1.0142255313694477,
      1.0250936783850193,
      1.018428348004818
    ]
  }
}