{
  "sgd": {
    "losses": [
      21.551247358322144,
      3.782242000102997,
      0.7065033912658691,
      0.14236879721283913,
      0.03594393143430352,
      0.015013125259429216,
      0.010670683579519391,
      0.009745552437379956,
      0.009550030808895826,
      0.009473646758124232,
      0.009486719500273466,
      0.009439331945031881,
      0.009510049829259515,
      0.009458172135055065,
      0.009447825141251087,
      0.00944770872592926,
      0.00947718636598438,
      0.009459845954552293,
      0.009502299129962921,
      0.009490589844062924
    ],
    "lr": 0.1
  },
  "polyak": {
    "losses": [
      13.316631272435188,
      0.10435663373209536,
      0.014113415032625198,
      0.016969401156529784,
      0.015354120638221502,
      0.01408910402096808,
      0.015615268144756556,
      0.016906591597944498,
      0.01630090014077723,
      0.013681132346391678,
      0.01800292427651584,
      0.014368813950568438,
      0.015172288753092289,
      0.014694604324176908,
      0.014449686277657747,
      0.012687186943367124,
      0.017208203673362732,
      0.014459947356954217,
      0.012395880883559585,
      0.012966852867975831
    ],
    "step_sizes": [
      0.25356471621301013,
      0.2462449976792978,
      0.21224329153332233,
      0.246919088407435,
      0.26334933097103175,
      0.266134941237131,
      0.36580253923542544,
      0.552678072792209,
      1.0627866366419445,
      0.6133173063911191,
      1.3666476149019031,
      0.37412612535591033,
      1.6105359947098175,
      0.3845142994640456,
      1.7262247992904676,
      0.32605567745356634,
      0.9015406159461129,
      0.6349364807756096,
      1.9082646284262421,
      0.3472208560685954,
      1.1230768744801003,
      0.4732100750857775,
      1.4685460429390094,
      0.5011945278643293,
      1.6163171465857318,
      0.3488962122663221,
      1.1291113966490591,
      0.4853871179998456,
      2.069497076801121,
      0.28793349976486626,
      1.0173903631178232,
      0.5876475756417444,
      1.1605012803757027,
      0.449428625325411,
      1.9422791361512501,
      0.3432247994952176,
      1.5779087327860433,
      0.5470813129164711,
      1.083212468616217,
      0.5464960196175602,
      1.9544302686895778,
      0.32733288438862734,
      1.8269200069859906,
      0.3405521362826153,
      1.3683287061056808,
      0.4935256483706033,
      1.1743852056058555,
      0.5218958720509433,
      1.6082856682221187,
      0.3706555870099722,
      0.896574008987002,
      0.6255808625903224,
      1.0872034840699616,
      0.4871269159217843,
      1.447693248447555,
      0.4624829783233886,
      1.709484174320155,
      0.37612443681953184,
      0.923802951551066,
      0.8706809147697531,
      0.792261894444086,
      0.9787464261722987,
      0.528560522666778,
      1.0569141922515488,
      0.3464971030745871,
      2.222575796278069,
      0.3499465629852972,
      0.7648967515756545,
      1.0962477190775706,
      0.44786939918981955,
      1.5626550933955674,
      0.4381926736269437,
      0.8238143410314809,
      0.7565939547807661,
      0.5817028140913401,
      1.0844487454724845,
      0.6122882164273018,
      1.0525947575267738,
      0.5285958365949547,
      1.1640785000091416
    ]
  },
  "polyak_adam": {
    "losses": [
      8.852086283266544,
      0.02681820373982191,
      0.1337476260960102,
      0.18848444893956184,
      0.1392042599618435,
      0.07076214719563723,
      0.0333310617133975,
      0.021176768001168966,
      0.02210791315883398,
      0.022132139187306166,
      0.019238451030105352,
      0.014680973486974835,
      0.011831032810732722,
      0.011038151569664478,
      0.010751459514722228,
      0.010479612275958061,
      0.010137696284800768,
      0.009762573521584272,
      0.009709722362458706,
      0.009602247504517436
    ],
    "step_sizes": [
      0.28897124474540137,
      0.23930310637321947,
      0.2202450795106797,
      0.19888760978558198,
      0.5128352928481945,
      0.4909669074568685,
      0.3594849187425382,
      0.3001641082702644,
      0.2855343267376211,
      0.2694036693537404,
      0.2481590384330667,
      0.24083295838115001,
      0.257680913537288,
      0.2498063815068659,
      0.2503317288808522,
      0.2640957459615987,
      0.29993044417497283,
      0.24448144315716752,
      0.27147627552153253,
      0.23783899018290114,
      0.29860206526918515,
      0.28586707564180613,
      0.2825951399262782,
      0.2816553287570445,
      0.3449375208302642,
      0.3009791671322209,
      0.33975504049555433,
      0.3281335774022653,
      0.3983689770268404,
      0.40605853752360477,
      0.43983691205447406,
      0.4111764905967582,
      0.4233949037421499,
      0.3598911925887003,
      0.3436099023534171,
      0.4326172772337706,
      0.3331820993691057,
      0.4835398994982062,
      0.35436382290564683,
      0.48454153357312507,
      0.4605444883519913,
      0.39208681532363016,
      0.5235815186405944,
      0.4742067283335337,
      0.6706099618496176,
      0.6489174431570065,
      0.5349417972244197,
      0.6096112064893819,
      0.7021776298039162,
      1.0223402430905792,
      1.0078742933025258,
      1.877848123992149,
      0.9833082415837046,
      1.248930979654982,
      1.0274079196608343,
      1.3825270670641094,
      1.5090817469311004,
      1.6983158783291168,
      1.2205343025964117,
      1.272538595649415,
      1.1636474932853471,
      1.9672844552658042,
      2.287988280695023,
      1.209291942915957,
      2.0939168520013838,
      2.0739995729555587,
      1.872840808206348,
      1.9260670953723555,
      3.9690552700068373,
      1.7246873949780706,
      2.8735267052805824,
      2.4554168568042756,
      4.388402027309668,
      2.0566500846970643,
      2.2058465012155466,
      1.8867053766798396,
      3.394149326557703,
      2.9558934819784386,
      3.7625922938538388,
      2.2998499604718816
    ]
  },
  "polyak_adam_ams": {
    "losses": [
      9.976952753029764,
      0.03391655907034874,
      0.1501062586903572,
      0.19666557759046555,
      0.1537872590124607,
      0.0901014544069767,
      0.041578601114451885,
      0.020357738714665174,
      0.01799863833002746,
      0.020908648148179054,
      0.020400412380695343,
      0.016738221747800708,
      0.01291431742720306,
      0.01070165983401239,
      0.010550544364377856,
      0.010781883960589767,
      0.01033043465577066,
      0.009865100728347898,
      0.009682598523795605,
      0.00965872616507113
    ],