{
  "0.001": {
    "final_loss": 32.95378494262695,
    "loss_decreased": true,
    "oscillation": 0.1329981486002604,
    "losses": [
      35.534156799316406,
      35.39322280883789,
      35.25287628173828,
      35.113101959228516,
      34.97391128540039,
      34.835296630859375,
      34.6972541809082,
      34.559783935546875,
      34.42287826538086,
      34.28654098510742,
      34.1507682800293,
      34.01555633544922,
      33.88090515136719,
      33.74680709838867,
      33.61326599121094,
      33.48027420043945,
      33.34783172607422,
      33.215938568115234,
      33.084590911865234,
      32.95378494262695
    ]
  },
  "0.01": {
    "final_loss": 18.715639114379883,
    "loss_decreased": true,
    "oscillation": 0.8808364868164062,
    "losses": [
      39.76200866699219,
      38.18915939331055,
      36.68097686767578,
      35.234779357910156,
      33.84797668457031,
      32.51810073852539,
      31.242782592773438,
      30.019760131835938,
      28.84685516357422,
      27.721986770629883,
      26.64316749572754,
      25.608482360839844,
      24.61610221862793,
      23.664274215698242,
      22.75132179260254,
      21.87563133239746,
      21.03566551208496,
      20.22994613647461,
      19.457056045532227,
      18.715639114379883
    ]
  },
  "0.1": {
    "final_loss": 0.9733265042304993,
    "loss_decreased": true,
    "oscillation": 0.0457034707069397,
    "losses": [
      35.249420166015625,
      22.697418212890625,
      14.787650108337402,
      9.78711986541748,
      6.615347862243652,
      4.596731185913086,
      3.307579755783081,
      2.481382131576538,
      1.9499797821044922,
      1.6069345474243164,
      1.3846577405929565,
      1.2400894165039062,
      1.1457031965255737,
      1.0838422775268555,
      1.0431417226791382,
      1.0162594318389893,
      0.9984347224235535,
      0.986570417881012,
      0.9786431789398193,
      0.9733265042304993
    ]
  }
}