{
  "sgd": {
    "losses": [
      36.37222385406494,
      25.863609790802002,
      24.083544731140137,
      23.698445320129395,
      23.52640390396118,
      23.684901237487793,
      23.651047229766846,
      23.528154373168945,
      23.585764408111572,
      23.588791370391846,
      23.5820631980896,
      23.583277702331543,
      23.571750164031982,
      23.62116765975952,
      23.490822792053223,
      23.63181161880493,
      23.47819471359253,
      23.64477825164795,
      23.596395015716553,
      23.54403781890869
    ],
    "lr": 0.1
  },
  "polyak": {
    "losses": [
      35.77148723602295,
      29.87053680419922,
      31.34636926651001,
      38.32936716079712,
      41.943886280059814,
      39.094075202941895,
      34.74246692657471,
      31.72678565979004,
      32.492876052856445,
      32.210506439208984,
      33.00855255126953,
      37.03112077713013,
      31.582479000091553,
      31.922998428344727,
      35.13362789154053,
      37.63402843475342,
      48.04883003234863,
      36.357523918151855,
      37.392173767089844,
      33.74785804748535
    ],
    "step_sizes": [
      0.38650712041320423,
      0.9308308614790783,
      0.6816168974473924,
      0.8414408637535411,
      0.968295666581421,
      1.0712232199079867,
      0.8525012591110793,
      0.7575558546584646,
      0.557932766158757,
      0.6384601458352686,
      0.6858719748629025,
      1.001919379684012,
      0.425230203775155,
      1.6515699955772423,
      0.34534753104749827,
      1.3515314705767385,
      0.34047986244230316,
      1.6594705695017438,
      0.3539633654829204,
      1.5093745287851423,
      0.4175139701102913,
      1.4297857570510546,
      0.4105504941145704,
      0.8654670502739689,
      0.5557534462434782,
      1.1142713177528654,
      0.5101459303096327,
      0.9293825781760545,
      0.6253541835748146,
      0.9026219152530418,
      0.6611539631907365,
      0.7184719470432305,
      0.685954112676182,
      0.7922275465915977,
      0.6037757623648404,
      0.672911465987158,
      0.6485483163028888,
      0.6933051556922317,
      1.2106322587576885,
      0.6507527901326414,
      0.6705236110805608,
      0.6310440510637733,
      0.9908228692211137,
      0.5277118275383438,
      1.82734271845964,
      0.34205890836497854,
      0.8952743485873278,
      0.7374168273718323,
      0.6738062287147902,
      0.6363746451693986,
      0.741164367926956,
      0.8796210755363849,
      0.5973092647195685,
      1.0095690696904032,
      0.5783494307063902,
      1.5497421650668046,
      0.4725763828407603,
      1.0448411540080496,
      0.5046898310226225,
      1.7873027099952743,
      0.38308046222067055,
      1.1400774131653022,
      0.5056272160281454,
      2.70410841435094,
      0.29262845385886815,
      0.6095127822427236,
      1.2774069505759371,
      0.4251659402384784,
      1.2975172236438866,
      0.3808617499616146,
      1.2768044239936425,
      0.6313458903351178,
      1.1971438349097012,
      0.41414375301210776,
      1.3079311127340367,
      0.4126962658030182,
      0.9931094861943172,
      0.6489056514314686,
      1.2311112405523181,
      0.5261567011022189
    ]
  },
  "config": {
    "noise_std": 5.0,
    "batch_size": 256,
    "seed": 1337,
    "epochs": 20
  }
}