{
  "sgd": {
    "losses": [
      39.90166616439819,
      32.03360891342163,
      28.393747687339783,
      26.307398915290833,
      24.668607115745544,
      24.203384518623352,
      23.883119106292725,
      23.825900554656982,
      23.583216428756714,
      23.55231809616089,
      23.419188857078552,
      23.477631092071533,
      23.45532774925232,
      23.368744254112244,
      23.446489214897156,
      23.298330426216125,
      23.248350977897644,
      23.457063794136047,
      23.423967361450195,
      23.43368887901306
    ],
    "lr": 0.01
  },
  "polyak": {
    "losses": [
      34.03959774971008,
      32.420788049697876,
      31.949344635009766,
      31.280036687850952,
      31.79762601852417,
      33.42591333389282,
      33.48808526992798,
      32.39675796031952,
      31.862138509750366,
      34.04968559741974,
      32.75460398197174,
      34.25179064273834,
      32.3764123916626,
      33.735538363456726,
      32.93910562992096,
      33.71282756328583,
      33.277788400650024,
      33.05053997039795,
      31.14109694957733,
      33.41531789302826
    ],
    "step_sizes": [
      0.30874802449914546,
      0.3928196570911903,
      0.8037074039410251,
      0.37175327021630716,
      0.3845424663388334,
      0.4177974269708418,
      0.5732651436778464,
      0.6922209473107137,
      0.28900089531648077,
      0.5722065850036364,
      0.2703966056342691,
      0.2928534645252389,
      0.7025219963664261,
      0.49615723736277917,
      0.33034230600754594,
      0.3325589140711162,
      0.4448165868967884,
      0.7395442872875021,
      0.44122249975288086,
      0.8390994812782085,
      0.328602111387777,
      0.48550575870625146,
      0.45211031367832605,
      0.8084191112716772,
      0.3778684548488113,
      0.40314073045442694,
      0.4822131699946736,
      0.3644146888096446,
      0.44520523553504643,
      0.5441712294482655,
      0.4512298770274833,
      0.44998086107185503,
      0.44479163146118744,
      0.42540902802944497,
      0.48764241742796366,
      0.5621894572152915,
      0.28323247642071125,
      0.4301390327397309,
      0.29987902905395336,
      0.5320311258773515,
      0.46486164386989204,
      0.33394565868479414,
      0.3359313202004311,
      0.4386516562133227,
      0.6052534706993693,
      0.3396117216115936,
      0.32290471093850065,
      0.518197938925918,
      0.8606976190646134,
      0.6450318600212928,
      0.3556939424909356,
      0.481269389546309,
      0.5504703128050817,
      0.3736068019229398,
      0.5220914956225183,
      0.4404172143775181,
      0.3357895612733014,
      0.7378550882102805,
      0.37972334875032304,
      0.5455860985274603,
      0.453961602777796,
      0.5764397217223667,
      0.4237942521919551,
      0.21431590614456572,
      0.5732875662592035,
      0.5507364879608483,
      0.36524911374329266,
      0.45914745926309286,
      0.7652565353454264,
      0.2578841999393567,
      0.459907664646342,
      0.5036682012632479,
      0.709472410021768,
      0.3104262468661774,
      0.4273696094732405,
      0.5719240248072743,
      0.38580485220888683,
      0.5545846977561009,
      0.3499821738775525,
      0.45626421557956726,
      0.32779271116176356,
      0.42992421791962465,
      0.4197954574186268,
      0.3262439637676474,
      0.7275675455059986,
      0.28082564768056095,
      0.4343717056077625,
      0.484765559868397,
      0.34713216171933775,
      0.7504396324209751,
      0.417748940048185,
      0.29935422662741773,
      0.3988287265126854,
      0.44209222722642794,
      0.4668684394801609,
      0.468690685853802,
      0.4486025456951859,
      0.5803771538978194,
      0.2351031642682268,
      0.50300046942163,
      0.40369949617191403,
      0.8994160579319523,
      0.3140464500518461,
      0.47201135524166604,
      0.29012614221180943,
      0.5788292175360872,
      0.2614625021366312,
      0.6378805598743434,
      0.36054008392598763,
      0.5139067404738021,
      0.8474274411587253,
      0.23747196580039523,
      0.3379510768760898,
      0.36661215835330335,
      0.2615798418200357,
      0.6010855905813933,
      0.46105968949708165,
      0.48946875727282546,
      0.5616766986048661,
      0.26857775503342746,
      0.6423374830556748,
      0.6674483159862704,
      0.3131778659132141,
      0.7862167808266421,
      0.4475100985359357,
      0.4727567999985105,
      0.4948755348677662,
      0.23703406532599158,
      0.6267183618518937,
      0.2768736637075049,
      0.4933944299268253,
      0.27880659013260184,
      0.8355509547419214,
      0.32409352834289185,
      0.5078073054341361,
      0.429694946121281,
      0.3763808953927022,
      0.4276692326549235,
      0.5265842983424521,
      0.554155134478164,
      0.39594639471281495,
      0.4965659590802224,
      0.4011418940823868,
      0.4877301314009041,
      0.5369585797526258,
      0.37472524797135126,
      0.3571337326803227,
      0.699924042317772,
      0.3657681571197214,
      0.36046325742330054,
      0.7947213099510753,
      0.40549923026341667,
      0.5780078392467808,
      0.30889985860608393,
      0.5611666509198693,
      0.388991154440934,
      0.6781834930456249,
      0.3245120231384625,
      0.5389726472323901,
      0.13720589877208786,
      0.6037948858709251,
      0.3895637223312547,
      0.3942448380596814,
      0.3815385529202049,
      0.6274292240426053,
      0.2610064017834625,
      0.40266061657603996,
      0.4931612263492017,
      0.7661202213035765,
      0.7358793191855986,
      0.45299331933907033,
      0.5234132343551225,
      0.4479876148581591,
      0.7127626933193095,
      0.29967850905525595,
      0.42462157650818944,
      0.8364573133225357,
      0.18953867901129806,
      0.5930664312439049,
      0.3622405696712405,
      0.3321231933044694,
      0.4761300568343428,
      0.37104870551684804,
      0.4789582478022145,
      0.5062809975177831,
      0.35199179253944207,
      0.3821291029551992,
      0.4143753868874767,
      0.45425557255304055,
      0.6724774023934125,
      0.31285577653742147,
      0.23847958875277994,
      0.5552191224443875,
      0.5280080547755086,
      0.7385251373580786,
      0.38760370981238756,
      0.5271989030057996,
      0.30918242273826635,
      0.3554007643848934,
      0.559974726437745,
      0.4298833233880616,
      0.5653669785457403,
      0.3036326071561492,
      0.3626649952321271,
      0.3094764671206087,
      0.6102267006771872,
      0.5122790185670946,
      0.2268150707487984,
      0.4284716371658171,
      0.26377135538929475,
      0.4138321998489755,
      0.5803306516340573,
      0.3110966966521921,
      0.5213322110700254,
      0.4030874895300286,
      0.5520387900427222,
      0.3574085355135788,
      0.8589957082824907,
      0.24559467874837604,
      0.5939560307409701,
      0.3056350553453393,
      0.5746300971513312,
      0.5199153725292113,
      0.2964551403676217,
      0.4125884817954536,
      0.809393432703007,
      0.31334788771466615,
      0.3996293090053969,
      0.49458505465537755,
      0.5515559166513289,
      0.32318077967122844,
      0.6650452470159135,
      0.3160263726539117,
      0.3743472531231564,
      0.4149348850292806,
      0.4091638847363781,
      0.5849573767820377,
      0.33880841364731074,
      0.5227492022905617,
      0.326158230208587,
      0.9720922695875059,
      0.24379320341565422,
      0.29517080545025326,
      0.4343163692341337,
      0.48667389204803924,
      0.5839891614801662,
      0.4854875884996118,
      0.5820314956365129,
      0.43785545126829734,
      0.5186332093403349,
      0.6977016693799576,
      0.432544684342876,
      0.5098904789533247,
      0.49630975490178686,
      0.32267167313405776,
      0.5244863177854749,
      0.42174681285087945,
      0.4581884345136793,
      0.3765695049414523,
      0.6819431756772532,
      0.4106469076690688,
      0.43424959588048667,
