{
  "sgd": {
    "losses": [
      34.53314971923828,
      33.13968276977539,
      31.803279876708984,
      30.521581649780273,
      29.29231834411621,
      28.113311767578125,
      26.98248291015625,
      25.897836685180664,
      24.85746192932129,
      23.859527587890625,
      22.90227699279785,
      21.984027862548828,
      21.10317039489746,
      20.25816535949707,
      19.447525024414062,
      18.66983985900879,
      17.92374610900879,
      17.207948684692383,
      16.521196365356445,
      15.86229133605957
    ],
    "lr": 0.01
  },
  "polyak": {
    "losses": [
      38.74136734008789,
      9.830987930297852,
      2.5019617080688477,
      0.639776349067688,
      0.16561903059482574,
      0.044807177037000656,
      0.01450046245008707,
      0.010879200883209705,
      0.02388477884232998,
      0.010156640782952309,
      0.04850008711218834,
      0.01526053436100483,
      0.010377754457294941,
      0.035913385450839996,
      0.012390156276524067,
      0.013958761468529701,
      0.011326843872666359,
      0.018975049257278442,
      0.009703747928142548,
      0.29056012630462646
    ],
    "step_sizes": [
      0.2442960007224411,
      0.25204052745232536,
      0.26171476539220445,
      0.27505143138751237,
      0.29952597159295435,
      0.3746244698570531,
      0.9196945243517944,
      2.503362592786385,
      0.46562173625686026,
      5.916908578419381,
      0.38277978616013125,
      0.8518468356964899,
      4.1273135167032455,
      0.40209111617669324,
      1.3705657832442424,
      0.9596828338587257,
      1.8925847167568446,
      0.5637320139670101,
      32.188475892121495,
      0.27310236233689356
    ]
  },
  "config": {
    "noise_std": 0.1,
    "batch_size": "full",
    "seed": 0,
    "epochs": 20
  }
}