{
  "0.001": {
    "final_loss": 24.873251003487496,
    "loss_decreased": true,
    "oscillation": 0.038544553221890335,
    "losses": [
      33.810022135081205,
      25.1121675001373,
      24.877002746169097,
      24.897597062344314,
      24.79030880378018,
      24.931967347219235,
      24.897332727576437,
      24.888217642888225,
      24.891373827259,
      24.94205223125623,
      24.900774803882825,
      24.873460679269222,
      24.900636375299072,
      24.9056243840415,
      24.85530794320583,
      24.8416765477201,
      24.876103831254404,
      24.931579932580984,
      24.835629503819817,
      24.873251003487496
    ]
  },
  "0.01": {
    "final_loss": 31.162101823779697,
    "loss_decreased": true,
    "oscillation": 0.7438932729001889,
    "losses": [
      32.51423217446495,
      31.229543680688316,
      32.155721576897236,
      31.58166225924244,
      30.42276180367925,
      30.56421393957681,
      31.527805664475817,
      32.167862187901804,
      30.80929480041909,
      32.621978173211936,
      30.605120685074034,
      32.150607474006684,
      30.653162643093623,
      30.919664108171556,
      31.619625337764734,
      30.5650213162663,
      30.610573799445103,
      31.40465892919431,
      31.67908213006622,
      31.162101823779697
    ]
  }
}