{
  "sgd": {
    "losses": [
      36.58732223510742,
      35.15422821044922,
      33.777976989746094,
      32.456295013427734,
      31.186986923217773,
      29.967958450317383,
      28.79719352722168,
      27.672752380371094,
      26.59278678894043,
      25.555511474609375,
      24.559219360351562,
      23.602272033691406,
      22.68309783935547,
      21.800188064575195,
      20.95209503173828,
      20.137422561645508,
      19.354846954345703,
      18.60308074951172,
      17.880901336669922,
      17.18712615966797
    ],
    "lr": 0.01
  },
  "polyak": {
    "losses": [
      38.88941192626953,
      9.845767974853516,
      2.494349241256714,
      0.6333054900169373,
      0.16240616142749786,
      0.04347587004303932,
      0.013952787965536118,
      0.010653398931026459,
      0.022124893963336945,
      0.009667923673987389,
      0.0765853151679039,
      0.021890748292207718,
      0.009586515836417675,
      0.10257041454315186,
      0.028319116681814194,
      0.01060006394982338,
      0.022727124392986298,
      0.009679358452558517,
      0.07390690594911575,
      0.0211984571069479
    ],
    "step_sizes": [
      0.25429834732318485,
      0.26087059194664314,
      0.268081948148363,
      0.2774039692933236,
      0.29616647190897133,
      0.36264013279769425,
      0.8849616781527897,
      2.3288742583569437,
      0.48004156828451794,
      9.305223625598618,
      0.33335342689541053,
      0.5156542419411905,
      12.910803916059795,
      0.3308560690168593,
      0.4525963923740915,
      2.623893058858719,
      0.5187733070793391,
      9.472573284761403,
      0.35441530930963955,
      0.5569953387090998
    ]
  },
  "polyak_adam": {
    "losses": [
      36.312313079833984,
      2.5260400772094727,
      0.1745997965335846,
      0.016630079597234726,
      0.013443552888929844,
      0.01786140538752079,
      0.017146583646535873,
      0.032565005123615265,
      0.055546291172504425,
      0.07974585145711899,
      0.10116933286190033,
      0.11777462065219879,
      0.1288919448852539,
      0.1346667855978012,
      0.13563792407512665,
      0.13251040875911713,
      0.126093327999115,
      0.1172858253121376,
      0.10701768845319748,
      0.09614145010709763
    ],
    "step_sizes": [
      0.25309288454428513,
      0.2720243640857405,
      0.30262923655235796,
      0.6800842415513493,
      0.9642670357736504,
      0.6099710523788349,
      0.5615105838268438,
      0.34691383131558207,
      0.29895167967183783,
      0.2831442036871547,
      0.27649895096896815,
      0.27348985735875775,
      0.27234882537901883,
      0.2724256943733197,
      0.2734862591274725,
      0.2754731476231296,
      0.2784012175844151,
      0.28230089698875166,
      0.2871810936207804,
      0.29300948907793806
    ]
  },
  "polyak_adam_ams": {
    "losses": [
      33.73527526855469,
      2.354746103286743,
      0.1631258726119995,
      0.015941491350531578,
      0.0141361178830266,
      0.016198284924030304,
      0.01649364084005356,
      0.03223680332303047,
      0.055003710091114044,
      0.07863176614046097,
      0.09939386695623398,
      0.1155097633600235,
      0.12649300694465637,
      0.13258661329746246,
      0.1343400478363037,
      0.13235525786876678,
      0.127207949757576,
      0.11947477608919144,
      0.10976896435022354,
      0.09874026477336884
    ],
    "step_sizes": [
      0.25310392893045747,
      0.27252091221612185,
      0.30451615461918413,
      0.7233589844662648,
      0.8709868526491407,
      0.6900799174874079,
      0.584238347382103,
      0.3490215664593712,
      0.300167168102439,
      0.28387556034991035,
      0.27683053629796345,
      0.2735417954975132,
      0.2722588646432899,
      0.27231497158049284,
      0.2734229152403038,
      0.2754449554649855,
      0.2783136019770881,
      0.2820129637922497,
      0.286582157631957,
      0.29212404363810957
    ]
  },
  "config": {
    "noise_std": 0.1,
    "batch_size": "full",
    "seed": 42,
    "epochs": 20
  }
}