{
  "0.001": {
    "final_loss": 0.9949300516760684,
    "loss_decreased": true,
    "oscillation": 0.001541729951362135,
    "losses": [
      9.705165830717698,
      1.1725591218762006,
      0.9999337991489974,
      0.9961779158617137,
      0.9916073604702415,
      0.997274801158767,
      0.9958927125336418,
      0.9955284800126964,
      0.995654857440175,
      0.9976820730025665,
      0.996031068198336,
      0.9949384423480487,
      0.996025415371449,
      0.9962249518903539,
      0.9942122228551944,
      0.9936672439355302,
      0.9950442203767147,
      0.997263105263217,
      0.9934251460260646,
      0.9949300516760684
    ]
  },
  "0.01": {
    "final_loss": 1.246483976263919,
    "loss_decreased": true,
    "oscillation": 0.029755706024648127,
    "losses": [
      2.4750717019147013,
      1.2491816634876374,
      1.2862288622484557,
      1.2632665564466696,
      1.2169105372934852,
      1.2225685002470996,
      1.261112225074794,
      1.2867145296166391,
      1.232371812021178,
      1.3048789988798408,
      1.224204851847412,
      1.2860242744804382,
      1.2261264609709241,
      1.2367865830974571,
      1.2647849626120617,
      1.222600855928845,
      1.2244230046390228,
      1.2561863405720866,
      1.2671631709738513,
      1.246483976263919
    ]
  }
}