{
  "0.001": {
    "final_loss": 1.2385839526615445,
    "loss_decreased": true,
    "oscillation": 0.24540055134519279,
    "losses": [
      31.46880550990029,
      24.628044385758656,
      19.44521913074312,
      15.178153885735405,
      11.966682101052905,
      9.585704667227608,
      7.633355674289522,
      6.140886764677744,
      5.018766459964571,
      4.1397101538521905,
      3.4471889147682795,
      2.9075811249869212,
      2.473238319631607,
      2.130818590285286,
      1.888095410097213,
      1.685807600853935,
      1.5255415458527823,
      1.4044841168418762,
      1.316480785135239,
      1.2385839526615445
    ]
  },
  "0.01": {
    "final_loss": 0.9826689064502716,
    "loss_decreased": true,
    "oscillation": 0.0038904039948074822,
    "losses": [
      15.357501540865217,
      2.12437879849994,
      1.0857408500853039,
      0.9934273688566118,
      0.9849420885245005,
      0.9868222825110905,
      0.991648421874122,
      0.9804889815194267,
      0.9836114749075875,
      0.9895929481301989,
      0.9792495814580766,
      0.9760504376793665,
      0.9817462790580023,
      0.9819039806487069,
      0.9790583115721506,
      0.9873850733514816,
      0.9907675253020393,
      0.9842382593760415,
      0.9810151826767695,
      0.9826689064502716
    ]
  },
  "0.1": {
    "final_loss": 1.1340484586026933,
    "loss_decreased": true,
    "oscillation": 0.021644458779161768,
    "losses": [
      3.078036165426648,
      1.1531555638426827,
      1.1540281072495475,
      1.148611294844794,
      1.1411700840034182,
      1.1280278487811013,
      1.1779208135983301,
      1.1255670137821683,
      1.1594736112488642,
      1.1621140989046248,
      1.1870880812879592,
      1.1516505564962114,
      1.170329114274373,
      1.1538318991661072,
      1.1939886486719524,
      1.158653806126307,
      1.1451366330896104,
      1.1468099138093373,
      1.1571815789691986,
      1.1340484586026933
    ]
  }
}