{
  "0.001": {
    "final_loss": 24.26701575990707,
    "loss_decreased": true,
    "oscillation": 0.2638072076087698,
    "losses": [
      54.959114226083905,
      48.14233010912698,
      43.08321327633328,
      38.474594449240065,
      35.165376436142694,
      32.811275482177734,
      30.951673734755744,
      29.16944936722044,
      28.362223806835356,
      27.348743983677455,
      26.641280628386,
      26.048622244880313,
      25.779792013622465,
      25.13431347741021,
      25.009995142618816,
      24.79066034347292,
      24.570510909670876,
      24.515043788486057,
      24.4517424295819,
      24.26701575990707
    ]
  },
  "0.01": {
    "final_loss": 24.56672433822874,
    "loss_decreased": true,
    "oscillation": 0.09726072913544925,
    "losses": [
      38.853979523219756,
      25.718216426788814,
      24.699998356047132,
      24.62103892129565,
      24.60494984520806,
      24.66390944284106,
      24.788740491110183,
      24.51164554414295,
      24.59025529831175,
      24.739769844781783,
      24.481228646777925,
      24.401253957597035,
      24.54365289022052,
      24.547600806705535,
      24.47645857977489,
      24.684626049465603,
      24.76918757907928,
      24.605957228039937,
      24.525379059806703,
      24.56672433822874
    ]
  },
  "0.1": {
    "final_loss": 28.35121032169887,
    "loss_decreased": true,
    "oscillation": 0.5411109621562665,
    "losses": [
      29.627682549612864,
      28.828899625747923,
      28.85070174080985,
      28.715281637888108,
      28.529251567901127,
      28.20069438692123,
      29.4480197089059,
      28.139175021459184,
      28.986840399484787,
      29.05285228244842,
      29.677201316470192,
      28.791264594547332,
      29.258228937784832,
      28.845797780960325,
      29.84971450624012,
      28.966344697134836,
      28.628415243966238,
      28.67024691142733,
      28.92953800776648,
      28.35121032169887
    ]
  }
}