{
  "0.001": {
    "final_loss": 49.68819522857666,
    "loss_decreased": true,
    "oscillation": 0.44164784749348956,
    "losses": [
      58.599822998046875,
      58.187644958496094,
      57.82114791870117,
      57.26601314544678,
      56.60479736328125,
      56.191694259643555,
      55.60445499420166,
      54.95236873626709,
      54.28998947143555,
      54.225629806518555,
      53.663025856018066,
      53.29979133605957,
      52.778995513916016,
      52.131452560424805,
      51.825791358947754,
      51.29707145690918,
      50.83620643615723,
      50.377986907958984,
      49.93971252441406,
      49.68819522857666
    ]
  },
  "0.01": {
    "final_loss": 25.67399311065674,
    "loss_decreased": true,
    "oscillation": 0.6119777891370985,
    "losses": [
      61.18474864959717,
      55.385443687438965,
      50.58487033843994,
      46.639686584472656,
      43.17804431915283,
      40.39765167236328,
      37.97163009643555,
      35.80200481414795,
      34.05461597442627,
      32.632819175720215,
      31.181793212890625,
      30.150625228881836,
      29.441174030303955,
      28.48935890197754,
      27.92514657974243,
      27.377593517303467,
      26.875350952148438,
      26.426470279693604,
      26.10750722885132,
      25.67399311065674
    ]
  },
  "0.1": {
    "final_loss": 24.385314464569092,
    "loss_decreased": true,
    "oscillation": 0.05987988577948676,
    "losses": [
      44.734514236450195,
      27.6966814994812,
      25.050804615020752,
      24.424972534179688,
      24.368277072906494,
      24.422273635864258,
      24.34216547012329,
      24.398658275604248,
      24.344252109527588,
      24.265564918518066,
      24.380245208740234,
      24.452833652496338,
      24.33611297607422,
      24.2835054397583,
      24.306472301483154,
      24.335015296936035,
      24.318478107452393,
      24.43759822845459,
      24.466373920440674,
      24.385314464569092
    ]
  }
}