{
  "sgd": {
    "losses": [
      52.84195399284363,
      39.21894586086273,
      31.755108952522278,
      28.104634404182434,
      25.889293670654297,
      24.608547151088715,
      24.406879782676697,
      23.882498860359192,
      23.795930981636047,
      23.427542984485626,
      23.632691860198975,
      23.664415955543518,
      23.49635601043701,
      23.440760612487793,
      23.439343690872192,
      23.49312460422516,
      23.57497626543045,
      23.69424867630005,
      23.65159320831299,
      23.404528856277466
    ],
    "lr": 0.01
  },
  "polyak": {
    "losses": [
      33.43581986427307,
      32.52323126792908,
      32.893463253974915,
      33.154961705207825,
      30.631270051002502,
      34.07388079166412,
      32.776188015937805,
      33.045440912246704,
      32.56724190711975,
      32.43494164943695,
      32.7916716337204,
      32.94382619857788,
      32.219595074653625,
      33.266905188560486,
      32.83119285106659,
      32.21797335147858,
      33.07655048370361,
      31.875592947006226,
      33.223519921302795,
      32.738556146621704
    ],
    "step_sizes": [
      0.46900547361046874,
      0.3954379375192552,
      0.5145010778628989,
      0.3262461577964853,
      0.7017795758526065,
      0.4574760232462361,
      0.20460726147303332,
      0.6440643802332774,
      0.6977057141348233,
      0.3488535602298381,
      0.6714192272126005,
      0.396763537300147,
      0.34929972729203324,
      0.7020722870433843,
      0.4557410571849643,
      0.3400424897749021,
      0.30355760040777563,
      0.5369482916388819,
      0.32853477086431637,
      0.34989448432783693,
      0.4289459783050505,
      0.32828477455116134,
      0.36502447945328265,
      0.8916810207395288,
      0.3151702512955141,
      0.3417409888949753,
      0.316535082975947,
      0.6109028483287513,
      0.3373585165067511,
      0.4130992510364568,
      0.5039657483780713,
      0.334118809473344,
      0.3793522633548868,
      0.5828803612243071,
      0.5913295468256236,
      0.3084984684664726,
      0.2812393024470813,
      0.44181860780795806,
      0.3762497816014814,
      0.6407631070210504,
      0.3468608350345953,
      0.3023871385164763,
      0.5076185814411883,
      0.39334702416416306,
      0.4212799349214869,
      0.3620107391018295,
      0.4293269610525923,
      0.5082571439664756,
      0.49029667577332564,
      0.4249926114146139,
      0.5336832996551525,
      0.2583889350497175,
      0.2952596325951717,
      0.47113271477666663,
      0.30936889987244287,
      0.344467786893862,
      1.077104262750269,
      0.37131606139978773,
      0.4536119084775008,
      0.4380352318800197,
      1.1039309897890168,
      0.39073438840187497,
      0.3152371475903178,
      0.41929400964047225,
      0.42016210772770035,
      0.6286110225964391,
      0.516610711145664,
      0.39854243925103955,
      0.6510349309719019,
      0.46485159265226045,
      0.4357967111362045,
      0.38706355590618824,
      0.8312062855853727,
      0.5646352367418882,
      0.5565809646679285,
      0.4843421687348,
      0.5250385390227194,
      0.6471096920528318,
      0.3083541101039523,
      0.41146867908640516,
      0.33750585093257074,
      0.4933503904095581,
      0.3663836507005884,
      0.6455728007102114,
      0.4728057805304341,
      0.48768140973214963,
      0.35541748418349123,
      0.3402851619279225,
      0.6354790852110301,
      0.3267003888246352,
      0.476138840731347,
      0.5671118082841785,
      0.32859450254912076,
      0.7609561060715797,
      0.21261251695206146,
      0.4446642475168012,
      0.5718054212096385,
      0.36382222796874825,
      0.3400237316671502,
      0.6456294519460788,
      0.5078146845420841,
      0.47646982984692915,
      0.28520684111356004,
      0.7748783751858769,
      0.3218726783030117,
      0.5081383681778194,
      0.392963071497632,
      0.44463909233388904,
      0.6071970129808976,
      0.257146086451996,
      0.42406620360920555,
      0.29166270090608293,
      0.5924440851030386,
      0.3158842756000846,
      0.3414554451397563,
      0.8121733143003744,
      0.32562318184981826,
      0.36148214027460684,
      0.5507700440954938,
      0.49041122357423383,
      0.3561285890288781,
      0.47782392896794956,
      0.37009833065392883,
      0.5480904987549604,
      0.3887185732371651,
      0.8259982775765066,
      0.5710486378156584,
      0.2674216651182803,
      0.36510043244492546,
      0.580498343869906,
      0.3368823673925355,
      0.3095221419444291,
      0.6260796513266811,
      0.3546010298879781,
      0.3694402815687333,
      0.5090068006577821,
      0.4393107374906647,
      0.5942296809149039,
      0.4512934185132951,
      0.46892644278473034,
      0.6140551999514644,
      0.42700886967848245,
      0.35621907358859106,
      0.35912202946751415,
      0.3707711539986927,
      0.5057985638042649,
      0.4777596371811568,
      0.3293671084137811,
      0.2877679663186683,
      0.8241630393788816,
      0.4024083455900526,
      0.415706663787874,
      0.4557694993905805,
      0.5166722473018084,
      0.5534031903070628,
      0.3968152911180347,
      0.46157602161015976,
      0.5043514171212068,
      0.41005418029898816,
      0.7182045152746922,
      0.3636257912490521,
      0.44717135437997724,
      0.35122312706851394,
      0.3442476771419535,
      0.5143325785055863,
      0.5815515954588448,
      0.5093129457275473,
      0.3371452218725042,
      0.3781411197298087,
      0.359215128125061,
      0.47409423066084255,
      0.48400297735596737,
      0.45029165629731305,
      0.3580785648354728,
      0.3792272120760693,
      0.5661249394392834,
      0.2829081253750864,
      0.5165776023803021,
      0.48408911879681743,
      0.25761692810732306,
      0.4227067356540535,
      0.40844841605511556,
      0.3326577706469025,
      0.5148970068636357,
      0.5686024987177295,
      0.4737600305407675,
      0.6268411872975724,
      0.43885014623769936,
      0.5261736743406225,
      0.3328250837673202,
      0.4419802535095689,
      0.24602066794713243,
      0.5842777330516891,
      0.4063738805378964,
      0.4250684098925052,
      0.6253447555170526,
      0.39075920697109034,
      0.4077419352384711,
      0.34291239347773866,
      0.9442225046504206,
      0.3728028546860461,
      0.27631718472791167,
      0.5461018842709982,
      0.32343987205254443,
      0.4568382944642909,
      0.5676831166775294,
      0.3571574313820446,
      0.2441527360737354,
      0.6552691192813803,
      0.2626741021172104,
      0.6697067649775735,
      0.44158068367086234,
      0.5495615408720513,
      0.39203247819511344,
      0.6588624370286773,
      0.9772318503792591,
      0.2957468589187457,
      0.49021532356640174,
      0.3272661594482332,
      0.35842675276221553,
      0.5422782916420865,
      0.39742900444111334,
      0.37271337302792973,
      0.33098511347934034,
      0.41435091344649283,
      0.6774680064013928,
      0.2479870535430493,
      0.29514994086251223,
      0.41117628727583533,
      0.3934114760750917,
      0.46717586609905937,
      0.26703587288497554,
      0.5037676499106374,
      0.4003792153560764,
      0.5820487685838163,
      0.3441255203711324,
      0.47422169987766316,
      0.5166863165017752,
      0.5336815476369029,
      0.2971792827316772,
      0.5011332810634933,
      0.3884124205818698,
      0.5943638798777502,
      0.4166239958684382,
      0.47211836093275045,
      0.46920035457497783,
      0.45427802310815774,
      0.5692309338938198,
      0.2931703388403907,
      0.4221770270211486,
      0.4010443416944077,
      0.5107485933475429,
      0.32560741501912494,
      0.3982892261405811,
      0.2912530027689092,
      0.4065357954212002,
      0.39109552120501734,
      0.549102794782733,
      0.3134149762719426,
      0.5062473787418551,
      0.49086518667391127,
