{
  "sgd": {
    "losses": [
      12.671336770057678,
      3.044700175523758,
      1.3549940884113312,
      1.0289490073919296,
      0.9600967168807983,
      0.9521558731794357,
      0.9470395743846893,
      0.9414029121398926,
      0.9435058981180191,
      0.943580374121666,
      0.9433107823133469,
      0.9433410465717316,
      0.9428728520870209,
      0.9448459297418594,
      0.9396315217018127,
      0.9452717155218124,
      0.9391277134418488,
      0.9457913339138031,
      0.9438558965921402,
      0.9417615383863449
    ],
    "lr": 0.1
  },
  "polyak": {
    "losses": [
      7.9399891048669815,
      1.4093302488327026,
      1.5367294400930405,
      1.641564965248108,
      1.560871034860611,
      1.5854070484638214,
      1.4533993303775787,
      1.2603018581867218,
      1.2982409596443176,
      1.290620744228363,
      1.3257522284984589,
      1.4972456097602844,
      1.260297268629074,
      1.3961840271949768,
      1.3680114448070526,
      1.5631511509418488,
      1.7529244124889374,
      1.3129503428936005,
      1.493899792432785,
      1.3333706855773926
    ],
    "step_sizes": [
      0.23049286757287013,
      0.27171813492219915,
      0.37557594665189076,
      1.5834075403064478,
      0.5164412787957686,
      1.4077784525999866,
      0.4758550674661331,
      1.7529241483576616,
      0.2959237193141357,
      1.0245147898536753,
      0.5213578126698023,
      1.4518022049217152,
      0.33300393379269966,
      1.406994453932968,
      0.3954609190656264,
      1.3004762868773925,
      0.3644606602240232,
      1.4084000560656438,
      0.37158186593154274,
      1.834329853280468,
      0.38266470306042843,
      1.0996741125446732,
      0.47564303274494873,
      0.9553667222729857,
      0.49160185602042633,
      1.311419170506267,
      0.47633687474771647,
      0.910337856689891,
      0.6564044647087464,
      0.9128593015790425,
      0.66771396868628,
      0.7156814079604139,
      0.6888164233763289,
      0.7932207115344762,
      0.6069029433811371,
      0.670893469879465,
      0.6521041857715771,
      0.6896409348448459,
      1.2249626686593862,
      0.643067954312794,
      0.6797115805735336,
      0.6210642590114587,
      1.013111756954166,
      0.5170930495344819,
      1.9247406924988766,
      0.3358856366690347,
      0.8526750501855401,
      0.7873567413181898,
      0.6177481495956312,
      0.7116844191963216,
      0.6473476434767722,
      1.067727622660003,
      0.476313784226504,
      1.2620304961784896,
      0.41957180670718536,
      1.6310673651570131,
      0.5314659002845012,
      0.9381445213349618,
      0.5510651171451866,
      1.8247209968072644,
      0.3493528863049006,
      1.2830390379804406,
      0.45713341394708973,
      2.416050693800071,
      0.3178378594478776,
      0.7349848898924493,
      0.9567119728813084,
      0.6474868317800284,
      0.8082868103034219,
      0.5709678206523909,
      0.9070519000167763,
      0.6303442965123285,
      1.019743772136959,
      0.42640549448352655,
      1.4512274621037733,
      0.380589234020225,
      0.9582242037044483,
      0.6767038403350147,
      1.180116632080847,
      0.5396670775297884
    ]
  },
  "config": {
    "noise_std": 1.0,
    "batch_size": 256,
    "seed": 1337,
    "epochs": 20
  }
}