{
  "0.001": {
    "final_loss": 9.789751172065735,
    "loss_decreased": true,
    "oscillation": 0.8774378895759583,
    "losses": [
      33.31210374832153,
      31.319898009300232,
      29.602691411972046,
      27.49311912059784,
      25.892271995544434,
      24.32951533794403,
      22.515753388404846,
      21.21671414375305,
      19.841230988502502,
      18.710528194904327,
      17.68669217824936,
      16.507069766521454,
      15.446573913097382,
      14.418047785758972,
      13.51210606098175,
      12.730772852897644,
      11.891886353492737,
      11.059816986322403,
      10.525407910346985,
      9.789751172065735
    ]
  },
  "0.01": {
    "final_loss": 0.00992761307861656,
    "loss_decreased": true,
    "oscillation": 0.0063361294386494495,
    "losses": [
      29.011884570121765,
      15.063250094652176,
      7.925111413002014,
      4.1601283103227615,
      2.204259254038334,
      1.1916579194366932,
      0.6442528646439314,
      0.35346549190580845,
      0.19663444720208645,
      0.11290349205955863,
      0.0669527780264616,
      0.04146429186221212,
      0.027505599427968264,
      0.01973711047321558,
      0.01544100750470534,
      0.01291849638801068,
      0.011659829702693969,
      0.0107435256941244,
      0.010253307118546218,
      0.00992761307861656
    ]
  },
  "0.1": {
    "final_loss": 0.010184288519667462,
    "loss_decreased": true,
    "oscillation": 9.288906908801032e-05,
    "losses": [
      6.186407398665324,
      0.015987193561159074,
      0.010237405367661268,
      0.010132799623534083,
      0.010017559776315466,
      0.010116674238815904,
      0.010171364818233997,
      0.010106711997650564,
      0.01026399462716654,
      0.01007772353477776,
      0.010307098214980215,
      0.010231588181341067,
      0.010234706191113219,
      0.010018713132012635,
      0.010190464585321024,
      0.010142126440769061,
      0.010069221199955791,
      0.010142260580323637,
      0.01025094770011492,
      0.010184288519667462
    ]
  }
}