{
  "sgd": {
    "losses": [
      20.131497859954834,
      3.3489218056201935,
      0.6029107347130775,
      0.12320706993341446,
      0.03300734097138047,
      0.014690542360767722,
      0.010849233949556947,
      0.00996029144152999,
      0.009808816015720367,
      0.009775316109880805,
      0.009774804580956697,
      0.009732714155688882,
      0.009781311731785536,
      0.009709486970677972,
      0.00976227200590074,
      0.009724980918690562,
      0.009750960627570748,
      0.009719121269881725,
      0.009766338858753443,
      0.009794357232749462
    ],
    "lr": 0.1
  },
  "polyak": {
    "losses": [
      13.842543482780457,
      0.11431855638511479,
      0.013282935367897153,
      0.015871619805693626,
      0.014385325135663152,
      0.015722873620688915,
      0.013614333467558026,
      0.01602279720827937,
      0.013800824526697397,
      0.01644472125917673,
      0.016196897020563483,
      0.014996441081166267,
      0.01436079409904778,
      0.014304608339443803,
      0.01504235016182065,
      0.014276739675551653,
      0.01608093734830618,
      0.013160832691937685,
      0.01412153523415327,
      0.017029106616973877
    ],
    "step_sizes": [
      0.22919688447647854,
      0.22589727327269307,
      0.25613237986557924,
      0.21078361571072585,
      0.26539543731212845,
      0.247459022448094,
      0.34894567379332664,
      0.8172982479075519,
      0.8975060778990573,
      0.9455112696095854,
      0.7616904557007503,
      0.543679087192338,
      1.0003202468335208,
      0.5225694459884536,
      2.0900074227460665,
      0.4207118243706277,
      1.0509231413972129,
      0.5724743652745818,
      1.3655624067422527,
      0.48234677858607755,
      1.5795951126340937,
      0.31986153163698955,
      0.8810024496087528,
      0.6486252463815824,
      0.8920685242452244,
      0.5729347178904827,
      1.3826816440565923,
      0.6156607569372653,
      0.736791572054456,
      0.44733906023290443,
      2.1839068659235696,
      0.3239847568862088,
      0.9713556453639975,
      0.5801484009204462,
      0.9260110826951744,
      0.5337655098110259,
      1.509148656929822,
      0.4543106393184036,
      1.8314280778223913,
      0.40162655254089974,
      1.7158470785717774,
      0.31910031007708667,
      0.6775151087566342,
      0.6472220673693181,
      1.4680867033546623,
      0.2924295262633183,
      1.0494249911694276,
      0.6063302892046172,
      1.2027174913096363,
      0.36719995564692226,
      1.065597517355405,
      0.6526734227450464,
      0.884716849893373,
      0.6680492504646469,
      1.2583663908204272,
      0.46720892056404356,
      1.1907685857119865,
      0.4222524904898771,
      1.4661322886336459,
      0.43647150061039947,
      1.053860973744436,
      0.5847366905470021,
      1.1482019806063444,
      0.5223987206983753,
      1.379340332578757,
      0.4990303591639807,
      1.843756708846582,
      0.38428740495801816,
      0.7683173335945512,
      0.5432237374096285,
      0.7588214186389373,
      0.6808051943328992,
      1.10583192730659,
      0.5772406780758692,
      1.1971155813444043,
      0.47170126714714117,
      2.3483375982480004,
      0.30878422866672245,
      0.8522863483090938,
      0.8613830715645532
    ]
  },
  "config": {
    "noise_std": 0.1,
    "batch_size": 256,
    "seed": 0,
    "epochs": 20
  }
}