{
  "sgd": {
    "losses": [
      3.6236509878654033,
      0.014973726472817361,
      0.009926832979544997,
      0.00989410062902607,
      0.009774329548235983,
      0.009813291486352682,
      0.009787373011931777,
      0.009847187204286456,
      0.009901690646074712,
      0.00979086072766222,
      0.009838363010203466,
      0.00984466023510322,
      0.009672658983618021,
      0.009748317825142294,
      0.00983251049183309,
      0.009719081543153152,
      0.009794564481126145,
      0.0097583269525785,
      0.009896760660922155,
      0.009805467154365033
    ],
    "lr": 0.1
  },
  "polyak": {
    "losses": [
      1.9716985012637451,
      0.012970820185728371,
      0.012779728975147009,
      0.012512007961049676,
      0.012719037244096398,
      0.013370359083637595,
      0.013395223009865731,
      0.012958698847796768,
      0.012744845531415194,
      0.013619870180264115,
      0.013101830671075732,
      0.013700711482670158,
      0.01295056176604703,
      0.013494205195456743,
      0.013175640371628106,
      0.01348512852564454,
      0.013311113929376006,
      0.013220211665611714,
      0.012456435535568744,
      0.013366114813834429
    ],
    "step_sizes": [
      0.21300647587443783,
      0.20504982055640028,
      0.20987777399783064,
      0.15656399880161478,
      0.1727444511299877,
      0.2132372946624135,
      0.1738336428749259,
      0.24063656089100185,
      0.23609517516875878,
      0.48693536528339487,
      0.36251558053834576,
      0.2853000747030227,
      0.5740378476291074,
      0.5690837419671955,
      0.3287660453089602,
      0.3570683391700982,
      0.4405235201579878,
      0.7575503590140885,
      0.44466789437687976,
      0.8465311571534456,
      0.33026453780648574,
      0.48510218994163823,
      0.4533000673960144,
      0.8076109592625035,
      0.3784584897499603,
      0.40284212476521675,
      0.48219015499202544,
      0.3643996639146991,
      0.4452009969525625,
      0.5441380640527582,
      0.4512141694155444,
      0.44999893318935585,
      0.44478673706923555,
      0.425415846264929,
      0.48763960821340235,
      0.5621878971229141,
      0.28323291891795127,
      0.43013910747127304,
      0.2998782051741606,
      0.5320325489501515,
      0.46486117473462696,
      0.3339462249303577,
      0.33593217506543116,
      0.43865112555711233,
      0.6052544775591082,
      0.33961150306708865,
      0.3229044039115085,
      0.5181990819190727,
      0.8606982573398733,
      0.6450345959088771,
      0.3556944157335756,
      0.48126934956693324,
      0.5504684983124499,
      0.3736059455199651,
      0.5220911378041014,
      0.440415504373401,
      0.33578869965844965,
      0.7378556941811172,
      0.37972390836103365,
      0.5455850828985992,
      0.4539624245758106,
      0.5764369303548154,
      0.4237929645724225,
      0.21431566443856193,
      0.5732878038280322,
      0.550738043880625,
      0.3652491718072747,
      0.45914608750605057,
      0.7652548864360804,
      0.25788365455320383,
      0.45990717643837253,
      0.5036668612378106,
      0.7094721300285524,
      0.31042609124802845,
      0.4273704005952533,
      0.5719246967135206,
      0.38580520265402185,
      0.5545851864425249,
      0.34998277599346006,
      0.4562635434248414,
      0.3277929147613004,
      0.42992312709261177,
      0.4197950714180019,
      0.32624357644769125,
      0.7275682983799023,
      0.28082498317743804,
      0.43437088625933806,
      0.48476672937887066,
      0.347130853507434,
      0.7504408837294224,
      0.4177471451238627,
      0.29935464296222686,
      0.39882901691047207,
      0.44209224100764966,
      0.46686831483468394,
      0.4686914140675554,
      0.4486035249594188,
      0.580375209814387,
      0.235103415611675,
      0.5029995964324961,
      0.4036998431140727,
      0.8994180244595011,
      0.31404698539436504,
      0.4720115024151344,
      0.2901262636416384,
      0.5788308226134509,
      0.2614615220021074,
      0.6378791330438403,
      0.36054121976656406,
      0.5139084415472066,
      0.8474234323672093,
      0.23747182292666658,
      0.3379519501505427,
      0.3666107339020683,
      0.2615798916298144,
      0.6010849011208488,
      0.46106096021730264,
      0.48946453426257364,
      0.5616807339649375,
      0.26857701152217056,
      0.6423334461015027,
      0.6674489135474103,
      0.3131767925184183,
      0.786213449729653,
      0.44751174650068887,
      0.47275677961907936,
      0.494876900774804,
      0.23703328702531837,
      0.6267175786327058,
      0.2768741472187698,
      0.4933922443775886,
      0.2788075503753361,
      0.8355521107454797,
      0.32409347113854836,
      0.5078093754902196,
      0.42969396813759797,
      0.37638137861807647,
      0.427668571450026,
      0.5265864865142759,
      0.5541542000159435,
      0.395945714908455,
      0.49656684991131866,
      0.40114286686975764,
      0.4877282215382425,
      0.536958809066884,
      0.37472460007860253,
      0.3571335501108123,
      0.6999259667510916,
      0.3657674488373089,
      0.36046287850027425,
      0.7947211155459609,
      0.4054990951060984,
      0.578007652220106,
      0.3088992584246737,
      0.5611671220559769,
      0.38899083750455593,
      0.6781857471145826,
      0.3245122527174871,
      0.5389687759553603,
      0.13720573370676623,
      0.6037957387953045,
      0.3895648746895105,
      0.39424500611107954,
      0.38153841435684177,
      0.6274272944995258,
      0.2610068281090237,
      0.4026592973929829,
      0.49316570876436205,
      0.7661172629132531,
      0.7358772727471875,
      0.4529923870690107,
      0.5234124287157388,
      0.44798806103791416,
      0.712765346600138,
      0.2996786226762232,
      0.4246217511343882,
      0.8364532821462987,
      0.18953896320946118,
      0.5930698871834461,
      0.3622396054634427,
      0.33212279400865474,
      0.47612760117337355,
      0.37104867922611756,
      0.47895730359063565,
      0.5062820330811507,
      0.35199093165438466,
      0.3821277773309944,
      0.41437566743780524,
      0.4542558665512169,
      0.6724782737571188,
      0.3128561862077197,
      0.23847902123850154,
      0.5552209097365546,
      0.5280057553955164,
      0.7385262850685009,
      0.38760272238669713,
      0.5271992202857959,
      0.30918211949553587,
      0.35540044897109835,
      0.559973807785592,
      0.42988394749721875,
      0.5653681988725915,
      0.303632350560491,
      0.3626640348581838,
      0.30947635526619954,
      0.6102278367783298,
      0.5122781096374701,
      0.2268154389834071,
      0.42847261445879553,
      0.26377114361392434,
      0.41383285856275087,
      0.5803289353311407,
      0.3110962043334019,
      0.5213310390394444,
      0.4030878586244303,
      0.5520369452430837,
      0.35740956800484114,
      0.85899397815036,
      0.24559538979743514,
      0.5939561459149163,
      0.30563467507240355,
      0.5746265533516901,
      0.5199162956212028,
      0.2964542675741645,
      0.41258841136684027,
      0.8093930745952481,
      0.3133467436941009,
      0.39962993236576566,
      0.49458320978330067,
      0.5515573766949609,
      0.3231807549061425,
      0.6650438296863374,
      0.316025506989993,
      0.3743471472989108,
      0.41493549479726705,
      0.40916348418026516,
      0.584958339440142,
      0.3388093046501417,
      0.5227473417650523,
      0.32615920943582294,
      0.9720893219128229,
      0.24379294107225702,
      0.29517021528661136,
      0.4343175587294004,
      0.48667277772673107,
      0.5839887860167884,
      0.48548638995713467,
      0.5820297160205131,
      0.437855335305732,
      0.5186324441488602,
      0.6977062933164758,
      0.43254378647541186,
      0.5098873854547935,
      0.496310491150462,
      0.3226715031902331,
      0.5244848911741105,
      0.4217449946358893,
      0.4581873288985255,
