{
  "sgd": {
    "losses": [
      36.58732223510742,
      35.15422821044922,
      33.777976989746094,
      32.456295013427734,
      31.186986923217773,
      29.967958450317383,
      28.79719352722168,
      27.672752380371094,
      26.59278678894043,
      25.555511474609375,
      24.559219360351562,
      23.602272033691406,
      22.68309783935547,
      21.800188064575195,
      20.95209503173828,
      20.137422561645508,
      19.354846954345703,
      18.60308074951172,
      17.880901336669922,
      17.18712615966797
    ],
    "lr": 0.01
  },
  "polyak": {
    "losses": [
      38.88941192626953,
      9.845767974853516,
      2.494349241256714,
      0.6333054900169373,
      0.16240616142749786,
      0.04347587004303932,
      0.013952787965536118,
      0.010653398931026459,
      0.022124893963336945,
      0.009667923673987389,
      0.0765853151679039,
      0.021890748292207718,
      0.009586515836417675,
      0.10257041454315186,
      0.028319116681814194,
      0.01060006394982338,
      0.022727124392986298,
      0.009679358452558517,
      0.07390690594911575,
      0.0211984571069479
    ],
    "step_sizes": [
      0.25429834732318485,
      0.26087059194664314,
      0.268081948148363,
      0.2774039692933236,
      0.29616647190897133,
      0.36264013279769425,
      0.8849616781527897,
      2.3288742583569437,
      0.48004156828451794,
      9.305223625598618,
      0.33335342689541053,
      0.5156542419411905,
      12.910803916059795,
      0.3308560690168593,
      0.4525963923740915,
      2.623893058858719,
      0.5187733070793391,
      9.472573284761403,
      0.35441530930963955,
      0.5569953387090998
    ]
  },
  "config": {
    "noise_std": 0.1,
    "batch_size": "full",
    "seed": 42,
    "epochs": 20
  }
}