{
  "sgd": {
    "losses": [
      6.305159350275062,
      0.017186708573717624,
      0.010205250728176907,
      0.010090186959132552,
      0.010052590805571526,
      0.010178062395425513,
      0.010269073420204222,
      0.010160807112697512,
      0.010241377807687968,
      0.010229634499410167,
      0.01014838507398963,
      0.010034782462753356,
      0.010272216197336093,
      0.01003082626266405,
      0.010212271386990324,
      0.010048253723653033,
      0.010097862483235076,
      0.010146951593924314,
      0.010069512063637376,
      0.010037458792794496
    ],
    "lr": 0.1
  },
  "polyak": {
    "losses": [
      4.556279269687366,
      0.01320674829185009,
      0.01395339472219348,
      0.013649833854287863,
      0.013706156343687326,
      0.0134684793301858,
      0.013888189452700317,
      0.013550272618886083,
      0.013529132178518921,
      0.013710738916415721,
      0.01322335356962867,
      0.013454325846396387,
      0.013406028447207063,
      0.013494430633727461,
      0.013481833564583212,
      0.013339338882360607,
      0.012933934660395607,
      0.013339172990527004,
      0.013788260461296886,
      0.013759517314611003
    ],
    "step_sizes": [
      0.16845065412465518,
      0.18213079201496515,
      0.19499228203452013,
      0.19186021734228523,
      0.2258114044636414,
      0.1572322063120777,
      0.22746281506534005,
      0.15813326178087472,
      0.22824523656825166,
      0.27257477594835045,
      0.39660875513037813,
      0.47688419406044485,
      0.5683147200521381,
      0.5985684655052009,
      0.3302329643144512,
      0.3220671374478691,
      0.2974007420533633,
      0.7643539848465383,
      0.3100146869126992,
      0.3964758259223996,
      0.42065612415640385,
      0.3542583909019422,
      0.4910311666781602,
      0.5630729720695955,
      0.48489670653677147,
      0.37072989588836724,
      0.2910180981156652,
      0.7120582742673341,
      0.4421361263320004,
      0.8493256224222924,
      0.5143190360400968,
      0.35368771688669315,
      0.4814026575787118,
      0.4705976439483554,
      0.5360807501841031,
      0.5399814271920323,
      0.454699528448206,
      0.5051543717770975,
      0.39578688929990535,
      0.4144640303669244,
      0.5590392587166116,
      0.260694187120037,
      0.7179794350095147,
      0.2913458735991713,
      0.6201689370113576,
      0.2923449338015741,
      0.3911767273610454,
      0.22420560133659975,
      0.5246761622602625,
      0.4022273986837304,
      0.5541816572982377,
      0.32536709673952413,
      0.38740243013266396,
      0.50250213488442,
      0.3923148991793807,
      0.3227789599624412,
      0.5512911252502426,
      0.23715404969974815,
      0.4578983829554031,
      0.6431506623767391,
      0.38978029393316144,
      0.8001268596098248,
      0.3950574944449285,
      0.22534324915853865,
      0.5590168175092112,
      0.5244106564086122,
      0.3414596285352833,
      0.5749771772769333,
      0.3087257153189102,
      0.45028715365953514,
      0.5254487738716463,
      0.3727199046502499,
      0.5544283444691143,
      0.45784416855757293,
      0.38655488297448215,
      0.33720865994803434,
      0.6378802040970228,
      0.2508770975763555,
      0.2900439214711791,
      0.246141774409269,
      0.38293588900759495,
      0.3487648314203647,
      0.3473618266129311,
      1.3735567437663245,
      0.38408095917867,
      0.2846388503313741,
      0.38571948634528164,
      0.4197831362362171,
      0.42846999952974874,
      0.452610344368259,
      0.2711966109118266,
      0.4130417397328762,
      0.549676856484033,
      0.43711163890020166,
      0.3483293700513075,
      0.2685709082872353,
      0.36169260388847896,
      0.7156681079952185,
      0.5440515879091501,
      0.3263658823391162,
      0.3459577549078766,
      0.5038575569309415,
      0.3664184584213884,
      0.4179543258214255,
      0.7202104409879925,
      0.36320038683968026,
      0.4270795139996002,
      0.3492496553917163,
      0.6568498690747071,
      0.37781982206947456,
      0.3567551951115452,
      0.27254989648111677,
      0.6471928327663905,
      0.3690215967723286,
      0.48100268434632226,
      0.3824705627471677,
      0.3655521395584205,
      0.6703329684307268,
      0.3870515159154777,
      0.4823724150296776,
      0.6401094375345335,
      0.3445829044124223,
      0.5016502995597731,
      0.3306213749792817,
      0.2469430297159612,
      0.440741638354639,
      0.24249892627764413,
      0.3803350981648918,
      0.8160039859229339,
      0.30691179279850767,
      0.372101728704312,
      0.6190164863891429,
      0.3273340814887744,
      0.43455836419753746,
      0.2538151482668547,
      0.5978699973271582,
      0.3822582034394612,
      0.3457319749149655,
      0.5716052694735065,
      0.3122858450663062,
      0.3904320177415627,
      0.6938582283840125,
      0.3196708997360471,
      0.24916930151544064,
      0.3145197816063991,
      1.077350898953428,
      0.34087314606882313,
      0.40307340154230886,
      0.4618884305702153,
      0.5041719309933806,
      0.4095625676712144,
      0.6042046066490087,
      0.4100334679170224,
      0.5299758694302348,
      0.41402932506045875,
      0.5541431450105352,
      0.6779339740529964,
      0.25516047879811715,
      0.48020841016308646,
      0.3582429669779002,
      0.39607050972304775,
      0.4298593840475519,
      0.5000252514342621,
      0.31743716930716437,
      0.6341892681559764,
      0.6131508235724431,
      0.2830075758510495,
      0.3783444243821866,
      0.38988625889140804,
      0.4160591688428853,
      0.36484048789370355,
      0.5845421892952715,
      0.3753853748589015,
      0.6605765821351842,
      0.43614090724818055,
      0.39705104680526043,
      0.4027020599111947,
      0.783232896366783,
      0.3142770675229302,
      0.5032745277119695,
      0.2856117978846114,
      0.7030401283758398,
      0.37407013291128965,
      0.40113258342566893,
      0.48429766751766684,
      0.35647072733807195,
      0.5742796206803725,
      0.562609945245409,
      0.5565437062738239,
      0.4860533461251696,
      0.5484294853023731,
      0.24834469666683798,
      0.3240959626224092,
      0.5458719307498053,
      0.35342797418483335,
      0.40008055257685116,
      0.7007932868893206,
      0.27594989720421575,
      0.44444231438970955,
      0.9869577603377828,
      0.28978111881496926,
      0.5466354091881542,
      0.5582427752829736,
      0.4005148607416923,
      0.45105342430868556,
      0.5341261329195842,
      0.5241054895737242,
      0.28685034430677475,
      0.6303665089149036,
      0.23821498995721604,
      0.46936137040333425,
      0.5808404933163394,
      0.3209770213080468,
      0.6387419950898707,
      0.3824518682325346,
      0.5127586518433498,
      0.4042530622561423,
      0.821393083689087,
      0.4223901392424214,
      0.5002172119400169,
      0.44648512734624235,
      0.5787041375499017,
      0.28024385994313417,
      0.3092620151123712,
      0.481691391070134,
      0.6777280455667437,
      0.5337808396525074,
      0.2542808661459404,
      0.4841155086323061,
      0.4005539630140755,
      0.3089212413463592,
      0.37806123407957365,
      0.5298419458180388,
      0.7002624222964635,
      0.30784771820504037,
      0.38019166481508204,
      0.5887828280967854,
      0.5332660650806044,
      0.35283767392041404,
      0.48594984109245143,
      0.5787667416883793,
      0.4576836345167868,
      0.30588108134238245,
      0.3798618752284204,
      0.3369772839490614,
      0.5075331095937573,
      0.3158281537411908,
      0.6042753969324078,
      0.5807635664206905,
      0.3548460614994774,
      0.8961795482318937,
      0.32497648690656655,
      0.38241833784091944,
      0.4425393866567476,
      0.42070584863727956,
      0.29839419216678226,
      0.28159373066931587,
      0.44920386079241986,
