{
  "0.001": {
    "final_loss": 33.95062744617462,
    "loss_decreased": true,
    "oscillation": 0.867674814330207,
    "losses": [
      57.259769558906555,
      55.86488890647888,
      54.387166023254395,
      51.785091161727905,
      50.38320350646973,
      48.71934127807617,
      47.26517367362976,
      45.43353533744812,
      43.996618032455444,
      43.35161530971527,
      41.759700775146484,
      40.915040612220764,
      39.701024651527405,
      38.64633572101593,
      37.631595730781555,
      36.900514125823975,
      35.98623740673065,
      35.24994218349457,
      34.63442420959473,
      33.95062744617462
    ]
  },
  "0.01": {
    "final_loss": 23.937165796756744,
    "loss_decreased": true,
    "oscillation": 0.08717956145604451,
    "losses": [
      53.38912057876587,
      39.37601637840271,
      32.0430805683136,
      28.37056577205658,
      26.314160704612732,
      25.55799961090088,
      25.049604296684265,
      24.411216735839844,
      24.341872930526733,
      24.335368275642395,
      24.082001090049744,
      24.069385170936584,
      24.23001229763031,
      24.19553315639496,
      24.289732694625854,
      24.266385912895203,
      24.33144962787628,
      24.162237405776978,
      24.03423821926117,
      23.937165796756744
    ]
  },
  "0.1": {
    "final_loss": 25.460708141326904,
    "loss_decreased": true,
    "oscillation": 0.23221817281511095,
    "losses": [
      31.756298184394836,
      25.26003062725067,
      25.51433777809143,
      25.333081483840942,
      25.043954610824585,
      25.291698098182678,
      25.428404092788696,
      25.26677644252777,
      25.65998375415802,
      25.194307565689087,
      25.767727255821228,
      25.578957319259644,
      25.586764097213745,
      25.046777725219727,
      25.476154446601868,
      25.35529065132141,
      25.173052668571472,
      25.35563850402832,
      25.627341389656067,
      25.460708141326904
    ]
  }
}