{
  "sgd": {
    "losses": [
      22.644994974136353,
      4.756670832633972,
      1.6503150463104248,
      1.0763295590877533,
      0.9745441824197769,
      0.9568305462598801,
      0.9501184374094009,
      0.9475687444210052,
      0.9492097347974777,
      0.9457221478223801,
      0.9483319520950317,
      0.9438181966543198,
      0.9510000199079514,
      0.9458157271146774,
      0.9447774589061737,
      0.9447697699069977,
      0.9477168917655945,
      0.9459832608699799,
      0.950229674577713,
      0.9490585029125214
    ],
    "lr": 0.1
  },
  "polyak": {
    "losses": [
      13.999983578920364,
      1.542449027299881,
      1.7244009673595428,
      1.46744042634964,
      1.5624561309814453,
      1.3928786218166351,
      1.563055008649826,
      1.660119503736496,
      1.6132575869560242,
      1.3442010283470154,
      1.8001180589199066,
      1.4268817603588104,
      1.5115677118301392,
      1.4674437642097473,
      1.4444136917591095,
      1.2673982083797455,
      1.7194857001304626,
      1.4458559602499008,
      1.2396315932273865,
      1.2975791990756989
    ],
    "step_sizes": [
      0.25796530414047075,
      0.26379346981884505,
      0.27710157708600425,
      0.5242384384426682,
      1.4930765353981788,
      0.37106166997455803,
      1.1710670291165601,
      0.40556503559608265,
      1.5759481138094953,
      0.4327614839747338,
      1.9672877863809384,
      0.3030608191896703,
      0.8806427925129343,
      0.5484876982638417,
      1.4002500809037786,
      0.35287263070794683,
      0.9367147622217956,
      0.5743151071505233,
      1.794317348881971,
      0.33665446904692997,
      1.043300464320492,
      0.491839454651389,
      1.4606991085286918,
      0.5146087978646092,
      1.6551712660514422,
      0.3443773618073574,
      1.0636571209497219,
      0.5121080039271617,
      1.940269682525411,
      0.2957516107738844,
      1.0537604079536147,
      0.5550178011244128,
      1.3023495509085259,
      0.4169713140902573,
      1.8219976231706865,
      0.3549486787663493,
      1.41679054983189,
      0.5799375177205022,
      1.055833825362989,
      0.5641745077093981,
      1.7382045143904379,
      0.33844012756272246,
      1.99050233609838,
      0.3290437434595258,
      1.3675304858889938,
      0.5159114200098581,
      1.1552688449620665,
      0.5306737808413925,
      1.6070255598766612,
      0.37030996677704847,
      0.8915586681810423,
      0.6300154676251201,
      1.0802850630892396,
      0.4878021344392831,
      1.4453325891266564,
      0.46399178905535055,
      1.703546387558646,
      0.3762831905314692,
      0.9261823698267571,
      0.8674650868735073,
      0.7956500606005823,
      0.9724131305276296,
      0.5312014526778314,
      1.0527670074232849,
      0.3479770726617441,
      2.222722013234324,
      0.3498944831156959,
      0.7655468732028884,
      1.0970328087462786,
      0.44800858832571056,
      1.5611281394354048,
      0.43836605884027063,
      0.8229642603132171,
      0.7577844848746267,
      0.5808206386203426,
      1.086537065263471,
      0.6106631237579214,
      1.0557369097109617,
      0.5271197994517388,
      1.1674996257550325
    ]
  },
  "config": {
    "noise_std": 1.0,
    "batch_size": 256,
    "seed": 42,
    "epochs": 20
  }
}