{
  "sgd": {
    "losses": [
      35.534156799316406,
      22.886734008789062,
      14.920729637145996,
      9.884742736816406,
      6.688981056213379,
      4.6531171798706055,
      3.351020097732544,
      2.5148563385009766,
      1.9756922721862793,
      1.6265875101089478,
      1.3995939493179321,
      1.2513742446899414,
      1.154180645942688,
      1.0901767015457153,
      1.0478510856628418,
      1.0197445154190063,
      1.0010035037994385,
      0.9884566068649292,
      0.9800236225128174,
      0.9743337631225586
    ],
    "lr": 0.1
  },
  "polyak": {
    "losses": [
      39.76200866699219,
      10.335512161254883,
      2.8971164226531982,
      1.1050058603286743,
      2.170983076095581,
      0.9911628365516663,
      8.541343688964844,
      2.4454219341278076,
      1.0141942501068115,
      4.961843490600586,
      1.5534923076629639,
      1.0216110944747925,
      4.410888195037842,
      1.4249285459518433,
      1.0988603830337524,
      2.218322515487671,
      0.9879761338233948,
      9.615615844726562,
      2.747330665588379,
      1.071043848991394
    ],
    "step_sizes": [
      0.250175617217621,
      0.2778198447250076,
      0.39355182290441265,
      2.254383504465126,
      0.5010330814889996,
      10.748516501323683,
      0.3465386446267954,
      0.5242155625082928,
      6.304771494971842,
      0.3965183814662695,
      0.8568877651975524,
      5.511940821962342,
      0.40442701660911723,
      0.9981022432853494,
      2.5704088658939956,
      0.5564437797193934,
      11.89782322494186,
      0.3310393268948092,
      0.48690242285638463,
      3.214058591164387
    ]
  },
  "config": {
    "noise_std": 1.0,
    "batch_size": "full",
    "seed": 0,
    "epochs": 20
  }
}