{
  "sgd": {
    "losses": [
      46.29354667663574,
      27.72365951538086,
      24.425007820129395,
      23.687296390533447,
      23.727303504943848,
      23.776479721069336,
      23.71915912628174,
      23.678409576416016,
      23.728103637695312,
      23.641809940338135,
      23.708093643188477,
      23.59532642364502,
      23.775020122528076,
      23.645397663116455,
      23.61942720413208,
      23.619242191314697,
      23.692919731140137,
      23.649580478668213,
      23.755742073059082,
      23.726462841033936
    ],
    "lr": 0.1
  },
  "polyak": {
    "losses": [
      38.748694896698,
      32.67037010192871,
      32.356653690338135,
      34.80650520324707,
      38.39786338806152,
      35.55482721328735,
      38.949373722076416,
      41.05751705169678,
      40.16706323623657,
      33.60794019699097,
      44.89271640777588,
      35.787620067596436,
      37.85103225708008,
      36.70492172241211,
      36.11851406097412,
      31.698287963867188,
      43.00077438354492,
      36.14873790740967,
      30.990488052368164,
      32.431153774261475
    ],
    "step_sizes": [
      0.38941312121331995,
      0.922806513243868,
      0.5694764489164019,
      0.9258094922247584,
      0.8316879653545066,
      0.7835631189844626,
      0.5964644777177637,
      0.7498333694704403,
      0.7261778611614527,
      0.9758581443848876,
      0.7454899388985357,
      0.5865749417299552,
      1.0596538040742982,
      0.5844240514402192,
      1.394555839166534,
      0.387970996721901,
      0.946672614910304,
      0.6047054142865125,
      1.7074973484177534,
      0.3498979906841194,
      1.175999709674673,
      0.45216535822089227,
      1.4745028503126945,
      0.5028416282486986,
      1.668518922048362,
      0.3467061160048311,
      1.0389828397369714,
      0.5268978375333081,
      1.8828716284716605,
      0.30050918842391866,
      1.0537717128431867,
      0.5452290886111367,
      1.346606249990278,
      0.4121845875548702,
      1.779694444324372,
      0.35961969770482033,
      1.3973053911406847,
      0.575456543024131,
      1.0504801731403683,
      0.5662930245611333,
      1.7107838528840753,
      0.3372394202985406,
      1.986189860238463,
      0.32846125853277025,
      1.3788878478452407,
      0.5124406766414582,
      1.171432689958747,
      0.5260786084555364,
      1.6095125680854954,
      0.36992985554191166,
      0.8950805406794432,
      0.6283357429954909,
      1.0826835444988152,
      0.4873520357394039,
      1.4455402760496947,
      0.46356797813477507,
      1.7058143834837118,
      0.3761074612064405,
      0.9254030371020314,
      0.868891690255453,
      0.7942833151947011,
      0.9748051446205558,
      0.530138575554223,
      1.0543864884286456,
      0.3473906448482705,
      2.2227390075306417,
      0.34990725685155155,
      0.7652624314057636,
      1.0967883111784766,
      0.4479284629880998,
      1.56187587379273,
      0.43828314012264047,
      0.8232765370103474,
      0.757333958126053,
      0.5811426746900393,
      1.0857583625080613,
      0.6112647829436184,
      1.0545725867070936,
      0.5276689372675296,
      1.1662335449551866
    ]
  },
  "polyak_adam": {
    "losses": [
      43.35984182357788,
      37.71791076660156,
      29.961493015289307,
      28.014244079589844,
      26.203223705291748,
      25.067935943603516,
      24.29919672012329,
      23.86322593688965,
      23.64815092086792,
      23.607001304626465,
      23.57818841934204,
      23.467902183532715,
      23.491837978363037,
      23.40201711654663,
      23.448575973510742,
      23.37352180480957,
      23.447935104370117,
      23.448740005493164,
      23.45022964477539,
      23.418697834014893
    ],
    "step_sizes": [
      0.4979574066249579,
      0.9713556167418897,
      0.36388729807722237,
      0.81376567237279,
      0.37366918850967457,
      0.7562512730351131,
      0.6804402737512506,
      0.6042217153467553,
      0.93528123659655,
      0.6706257950846202,
      1.2316356285320222,
      0.7675742334173704,
      1.0900811668791486,
      1.1115402426881036,
      1.1193671068963993,
      1.3667955215731258,
      1.5055448720011466,
      1.2504963849789197,
      1.0738344891050953,
      1.3618956227515322,
      1.452188212600209,
      1.3562216535049278,
      2.021283026050228,
      1.82380268194558,
      2.9553784057726817,
      1.8755796912874112,
      4.739794620982504,
      1.4066720282687057,
      3.0478106764573365,
      2.7170106036460626,
      4.759851197977759,
      2.1848586459499844,
      3.3605316120942703,
      5.4722892865880315,
      3.2943149826959734,
      7.819339447344044,
      3.949386470928267,
      2.65071773101413,
      3.4428211705325795,
      4.162156268258437,
      5.427226896120005,
      3.7274545302803146,
      4.46300483592599,
      2.3320617209172685,
      13.288944003916649,
      3.956628335549417,
      4.1302535789421375,
      2.8681080516938904,
      5.302836696228795,
      5.838669349439168,
      3.166289547706859,
      7.541434755840504,
      6.1169522833520835,
      4.334353466128117,
      3.570080763345035,
      2.470324787534487,
      5.2591515851169905,
      4.864652714623758,
      3.696005633802037,
      4.6167981688883755,
      3.0987641855802917,
      4.909921369419664,
      5.747120585210701,
      3.5213044119295684,
      5.401402066337446,
      6.8833407250834355,
      3.7557104692732857,
      4.365300870410714,
      4.195472472699011,
      3.254605678790597,
      3.9956112316844297,
      3.1106847015718833,
      6.443798333977721,
      2.7038981847345265,
      3.6835602291029463,
      3.162691785790562,
      5.21408803182666,
      4.906364321730878,
      4.51988497183565,
      3.2593544116188244
    ]
  },
  "polyak_adam_ams": {
    "losses": [
      46.5493278503418,
      36.91155529022217,
      30.86714220046997,
      28.674236297607422,
      26.56201410293579,
      25.038177967071533,
      24.128283977508545,
      23.67484426498413,
      23.60081958770752,
      23.514048099517822,
      23.651440620422363,
      23.583572387695312,
      23.51992893218994,
      23.52779769897461,
      23.38663625717163,
      23.49460792541504,
      23.4729266166687,
      23.4661226272583,
      23.407193660736084,
      23.47065496444702
    ],