{
  "sgd": {
    "losses": [
      21.146265745162964,
      4.343855798244476,
      1.5715574622154236,
      1.0850090384483337,
      1.000267043709755,
      0.9769763499498367,
      0.9757651686668396,
      0.9714508503675461,
      0.9746673703193665,
      0.9760135263204575,
      0.9773062914609909,
      0.9731691628694534,
      0.9781271815299988,
      0.9709632098674774,
      0.9762354046106339,
      0.9724984765052795,
      0.9750984460115433,
      0.9719118475914001,
      0.9766332507133484,
      0.9794360548257828
    ],
    "lr": 0.1
  },
  "polyak": {
    "losses": [
      14.476297557353973,
      1.3519148230552673,
      1.6393749713897705,
      1.8148260712623596,
      1.2933911681175232,
      1.503239095211029,
      1.440382331609726,
      1.438812017440796,
      1.2583851665258408,
      1.499375730752945,
      1.584710270166397,
      1.4580517411231995,
      1.447494775056839,
      1.5003384947776794,
      1.5070221722126007,
      1.4261949956417084,
      1.5934134125709534,
      1.3209678828716278,
      1.4293875098228455,
      1.6818441450595856
    ],
    "step_sizes": [
      0.23250180663533815,
      0.248626160193217,
      0.3311827788184713,
      0.44089646342759875,
      0.7655715409834006,
      0.5595426325969328,
      0.9582544052979565,
      0.6112440017598509,
      1.468224948908123,
      0.4531914125602232,
      1.5618000729389254,
      0.33552053748909627,
      1.0651670023000994,
      0.4457387549451527,
      2.995509595618098,
      0.36451662343997493,
      0.6415930688191746,
      0.9462606704259812,
      0.6016184079240009,
      1.7529815595044458,
      0.43278130376315216,
      0.8275691584301467,
      0.7211024993273364,
      1.2770979778600882,
      0.5131483462257385,
      1.1179615709435708,
      0.5135979852842132,
      1.2005036255044332,
      0.39876151255446274,
      0.9114879771899187,
      0.6517619300197521,
      0.8367770971254846,
      0.8469581796147158,
      0.9585894550067372,
      0.583211294730701,
      1.4423883954743666,
      0.47100278994132194,
      1.7210914500312253,
      0.5079463422875115,
      1.4947680354605308,
      0.37689875097863784,
      1.14039658729747,
      0.6687038389059746,
      0.705108771375837,
      1.1936778108592234,
      0.35562010504520314,
      1.4129103834907595,
      0.5279001247994434,
      1.240767459723489,
      0.3807107621926451,
      1.1399619516037574,
      0.6273298523329041,
      0.9900088169541971,
      0.5928884358166112,
      1.4209082513225235,
      0.42091198934028023,
      1.1959364111320334,
      0.43752994651240273,
      1.5143869572005197,
      0.41262076697956074,
      1.036730918686671,
      0.6118307758256488,
      1.152911310291983,
      0.5126722578310448,
      1.4355738692762998,
      0.4842681373007094,
      1.727968695252764,
      0.3940788386333148,
      0.8142902473266089,
      0.5183032957911811,
      0.7794720883791803,
      0.6516495906543827,
      1.1914608671744764,
      0.5383926469031054,
      1.1937180498638125,
      0.47012421442208036,
      2.242648043483843,
      0.311606373970125,
      0.8957815269760121,
      0.7965604784317608
    ]
  },
  "config": {
    "noise_std": 1.0,
    "batch_size": 256,
    "seed": 0,
    "epochs": 20
  }
}