{
  "sgd": {
    "losses": [
      20.879459381103516,
      13.761537551879883,
      9.235939025878906,
      6.339972019195557,
      4.475008010864258,
      3.266496181488037,
      2.478614330291748,
      1.96194589138031,
      1.6212220191955566,
      1.3953192234039307,
      1.2447795867919922,
      1.1439768075942993,
      1.076171875,
      1.030368447303772,
      0.9993036985397339,
      0.9781566858291626,
      0.9637105464935303,
      0.9538102746009827,
      0.9470046758651733,
      0.9423132538795471
    ],
    "lr": 0.1
  },
  "polyak": {
    "losses": [
      20.4039306640625,
      5.487221717834473,
      1.6950806379318237,
      0.9586237072944641,
      8.646849632263184,
      2.4513604640960693,
      1.0031850337982178,
      3.5786852836608887,
      1.228454828262329,
      1.2912671566009521,
      1.1746386289596558,
      1.434007167816162,
      1.0313677787780762,
      2.6777501106262207,
      1.0304484367370605,
      2.698213577270508,
      1.034153699874878,
      2.6201932430267334,
      1.0204046964645386,
      2.947770595550537
    ],
    "step_sizes": [
      0.25806159248855526,
      0.31429602713865157,
      0.6222503333102161,
      8.14438181974029,
      0.2491862393428724,
      0.3701877902678516,
      3.6254586501572676,
      0.3360026314461544,
      1.096516525561423,
      0.8982279795857064,
      1.1444559574242406,
      0.654357036316696,
      2.2712014869166857,
      0.3334280628293097,
      2.324307634252436,
      0.33693812270824947,
      2.281331914709063,
      0.3470883534423014,
      2.644486674631179,
      0.33235819424512886
    ]
  },
  "config": {
    "noise_std": 1.0,
    "batch_size": "full",
    "seed": 1337,
    "epochs": 20
  }
}