{
  "sgd": {
    "losses": [
      61.81901550292969,
      48.22298049926758,
      39.48965835571289,
      33.86233139038086,
      30.224985122680664,
      27.86655616760254,
      26.332597732543945,
      25.331798553466797,
      24.67684555053711,
      24.246931076049805,
      23.963886260986328,
      23.776994705200195,
      23.653240203857422,
      23.571060180664062,
      23.516342163085938,
      23.479814529418945,
      23.455364227294922,
      23.438962936401367,
      23.427928924560547,
      23.42049217224121
    ],
    "lr": 0.1
  },
  "polyak": {
    "losses": [
      64.01958465576172,
      25.546630859375,
      76.88108825683594,
      27.90789794921875,
      43.54736328125,
      23.731700897216797,
      432.5393371582031,
      114.72953796386719,
      36.181663513183594,
      25.747802734375,
      70.92439270019531,
      26.52741813659668,
      56.4968147277832,
      24.17323112487793,
      190.73731994628906,
      54.512577056884766,
      23.959993362426758,
      259.7613525390625,
      71.67646789550781,
      26.73540687561035
    ],
    "step_sizes": [
      0.40308050345585184,
      3.310926842881559,
      0.3901691198876622,
      1.7615453597936555,
      0.6012904434870071,
      17.89427149756948,
      0.258425618732872,
      0.3096431286481702,
      0.7082836865535291,
      2.670959806348611,
      0.36048958663094705,
      2.0816297049646306,
      0.41539414939780483,
      7.8829072714415895,
      0.2836943970817591,
      0.43961505321105376,
      11.353218626012278,
      0.28628931764656895,
      0.3909707829938718,
      2.175097213418112
    ]
  },
  "polyak_adam": {
    "losses": [
      61.34148406982422,
      25.826032638549805,
      142.77420043945312,
      25.118778228759766,
      195.4638214111328,
      27.60991668701172,
      27.492061614990234,
      27.342872619628906,
      27.16918182373047,
      26.976701736450195,
      26.77032470703125,
      26.554372787475586,
      26.332782745361328,
      26.10919189453125,
      25.886934280395508,
      25.66901397705078,
      25.458059310913086,
      25.256271362304688,
      25.06537628173828,
      24.88665008544922
    ],
    "step_sizes": [
      0.4117854739040562,
      2.4648459925464716,
      0.27326860955831384,
      3.572141067477063,
      0.274513612324513,
      1.6553636118404909,
      1.6977854050540848,
      1.7534862641754136,
      1.8227942394375412,
      1.9066314631352168,
      2.0064724081408203,
      2.1243234135268145,
      2.2627272754227628,
      2.4247948737112814,
      2.6142638282479433,
      2.8355823244361944,
      3.0940297010947573,
      3.3958672371235417,
      3.748529486570499,
      4.160880908668936
    ]
  },
  "polyak_adam_ams": {
    "losses": [
      58.89865493774414,
      26.2464656829834,
      124.00312805175781,
      24.444488525390625,
      312.9158020019531,
      34.72317886352539,
      34.389461517333984,
      33.991268157958984,
      33.54507827758789,
      33.063812255859375,
      32.55809783935547,
      32.03691101074219,
      31.507951736450195,
      30.977869033813477,
      30.45241928100586,
      29.936552047729492,
      29.43450164794922,
      28.94981575012207,
      28.485403060913086,
      28.043546676635742
    ],
    "step_sizes": [
      0.4224585504330157,
      2.1364419329593063,
      0.28128688887138403,
      5.824689806888025,
      0.2648172770773585,
      0.7828954709523275,
      0.7994149675819289,
      0.8200709197729057,
      0.8448892151604613,
      0.8740563344053685,
      0.9078840858598716,
      0.9467955219229685,
      0.9913220711848003,
      1.0421090473037906,
      1.0999214257003458,
      1.1656545660548412,
      1.2403491389192112,
      1.325205498922407,
      1.421604866062071,
      1.5311321127066264
    ]
  },
  "config": {
    "noise_std": 5.0,
    "batch_size": "full",
    "seed": 42,
    "epochs": 20
  }
}