{
  "sgd": {
    "losses": [
      61.81901550292969,
      48.22298049926758,
      39.48965835571289,
      33.86233139038086,
      30.224985122680664,
      27.86655616760254,
      26.332597732543945,
      25.331798553466797,
      24.67684555053711,
      24.246931076049805,
      23.963886260986328,
      23.776994705200195,
      23.653240203857422,
      23.571060180664062,
      23.516342163085938,
      23.479814529418945,
      23.455364227294922,
      23.438962936401367,
      23.427928924560547,
      23.42049217224121
    ],
    "lr": 0.1
  },
  "polyak": {
    "losses": [
      64.01958465576172,
      25.546630859375,
      76.88108825683594,
      27.90789794921875,
      43.54736328125,
      23.731700897216797,
      432.5393371582031,
      114.72953796386719,
      36.181663513183594,
      25.747802734375,
      70.92439270019531,
      26.52741813659668,
      56.4968147277832,
      24.17323112487793,
      190.73731994628906,
      54.512577056884766,
      23.959993362426758,
      259.7613525390625,
      71.67646789550781,
      26.73540687561035
    ],
    "step_sizes": [
      0.40308050345585184,
      3.310926842881559,
      0.3901691198876622,
      1.7615453597936555,
      0.6012904434870071,
      17.89427149756948,
      0.258425618732872,
      0.3096431286481702,
      0.7082836865535291,
      2.670959806348611,
      0.36048958663094705,
      2.0816297049646306,
      0.41539414939780483,
      7.8829072714415895,
      0.2836943970817591,
      0.43961505321105376,
      11.353218626012278,
      0.28628931764656895,
      0.3909707829938718,
      2.175097213418112
    ]
  },
  "config": {
    "noise_std": 5.0,
    "batch_size": "full",
    "seed": 42,
    "epochs": 20
  }
}