{
  "sgd": {
    "losses": [
      28.850947380065918,
      15.778782188892365,
      8.827216565608978,
      5.143766894936562,
      3.2119328528642654,
      2.1442886665463448,
      1.6214804276823997,
      1.302099920809269,
      1.1460820026695728,
      1.044543694704771,
      1.0034755244851112,
      0.9800777845084667,
      0.9578338228166103,
      0.9473417028784752,
      0.9435711055994034,
      0.9431491456925869,
      0.9448704570531845,
      0.9487327001988888,
      0.946771889925003,
      0.9365698993206024
    ],
    "lr": 0.01
  },
  "polyak": {
    "losses": [
      4.753312062472105,
      1.3014168292284012,
      1.3157384283840656,
      1.3261983692646027,
      1.2252508103847504,
      1.3629550486803055,
      1.3110474795103073,
      1.3218175545334816,
      1.3026896640658379,
      1.2973976768553257,
      1.3116667941212654,
      1.3177531100809574,
      1.28878378495574,
      1.330676145851612,
      1.3132476508617401,
      1.2887189202010632,
      1.3230620473623276,
      1.2750236317515373,
      1.3289407975971699,
      1.3095421120524406
    ],
    "step_sizes": [
      0.2698284932836061,
      0.20284540840634555,
      0.16821101483041448,
      0.2561043437957063,
      0.44453660854853494,
      0.40978383094984305,
      0.17999217193704858,
      0.6494300524938599,
      0.7177735479543862,
      0.3098175811605248,
      0.7235017718926203,
      0.3657576946064011,
      0.34894972863779206,
      0.6807426082214785,
      0.4637697515726534,
      0.3421832936518382,
      0.3025134906378857,
      0.5362091188384037,
      0.32871228943306957,
      0.3501284796788775,
      0.42898702360290925,
      0.3282465272814316,
      0.3649871194632132,
      0.8917874708372572,
      0.3151592179025023,
      0.34174365925956934,
      0.3165367613347451,
      0.6109042340327736,
      0.3373578617903911,
      0.41309912677703986,
      0.5039651677479533,
      0.33411810604070513,
      0.3793522117378881,
      0.5828811421195967,
      0.5913291920295318,
      0.30849838642051575,
      0.2812394003356498,
      0.4418184639338327,
      0.37624994015379,
      0.6407626888216158,
      0.3468607774333962,
      0.30238735679927586,
      0.507618359418094,
      0.39334722997912763,
      0.4212795443232813,
      0.3620108528174583,
      0.4293268694539816,
      0.5082572569197518,
      0.49029661538162067,
      0.424992804281994,
      0.533683224719518,
      0.2583888984556904,
      0.29525961385127664,
      0.4711326715888759,
      0.30936888042157595,
      0.34446779036183495,
      1.0771040482923575,
      0.37131616117128896,
      0.4536119938028034,
      0.4380349245547414,
      1.1039313603875167,
      0.3907343752039139,
      0.3152369938378592,
      0.4192942163673326,
      0.42016183745049573,
      0.6286111143458135,
      0.5166106154138387,
      0.3985424035925649,
      0.6510356832845242,
      0.4648513306597752,
      0.4357965748304653,
      0.3870637418261095,
      0.8312066901793725,
      0.5646352189103999,
      0.5565812951075025,
      0.4843421217870715,
      0.525038619214123,
      0.6471098180197608,
      0.3083540423622767,
      0.41146863542085,
      0.33750587371418117,
      0.49335004979353886,
      0.36638398452342574,
      0.6455726898632034,
      0.47280572287027367,
      0.48768131776024853,
      0.35541740411076944,
      0.3402852485725747,
      0.6354791366103313,
      0.3267004996276402,
      0.47613905089064046,
      0.5671118032737171,
      0.32859443791707665,
      0.7609558379733092,
      0.21261252297125582,
      0.44466431442815885,
      0.5718056858903189,
      0.3638220774722485,
      0.3400237370968635,
      0.645629462285992,
      0.5078146311637958,
      0.4764697804009042,
      0.28520685010677665,
      0.7748781974760014,
      0.3218726098476412,
      0.5081383220522987,
      0.3929630628222084,
      0.44463926348263294,
      0.6071972399616989,
      0.2571460852309291,
      0.42406626739307146,
      0.29166257019313796,
      0.5924441375730725,
      0.31588430737714035,
      0.34145534410694767,
      0.8121730415213411,
      0.32562321672735256,
      0.36148220100324924,
      0.5507697870300357,
      0.490411124044145,
      0.35612855730223164,
      0.4778239559140291,
      0.37009845527246454,
      0.5480902593916882,
      0.38871875525189065,
      0.8259977375890711,
      0.5710490279708252,
      0.2674216009607942,
      0.36510027829560415,
      0.5804982375010737,
      0.3368823637536914,
      0.30952211191441037,
      0.6260795876180414,
      0.3546007765734979,
      0.369440374104085,
      0.5090068473442764,
      0.4393106637484684,
      0.5942298895971682,
      0.45129344881221484,
      0.4689262100308418,
      0.6140553212964361,
      0.42700893428115716,
      0.35621913414731043,
      0.3591219942689432,
      0.3707712108457562,
      0.5057984759195266,
      0.47775976403640236,
      0.32936714077543505,
      0.2877679790116936,
      0.8241629401845091,
      0.4024083903537226,
      0.41570670382284813,
      0.45576939392711247,
      0.5166724160030288,
      0.5534030631645201,
      0.39681533246597167,
      0.4615764154178696,
      0.5043511032781622,
      0.4100544370859156,
      0.7182048397995542,
      0.3636257520798848,
      0.44717143390949327,
      0.35122312252361476,
      0.3442476213918956,
      0.5143327841371687,
      0.5815517585266041,
      0.5093128879709024,
      0.3371453039606972,
      0.37814112998697585,
      0.3592149189918603,
      0.4740942837881609,
      0.4840031851229425,
      0.45029153939119926,
      0.35807861080796954,
      0.379226997943232,
      0.5661248305432788,
      0.28290817417359326,
      0.5165775205084805,
      0.4840889032280518,
      0.25761696004936113,
      0.4227069312318746,
      0.40844828340799366,
      0.3326576694235314,
      0.5148968390889489,
      0.5686023000732892,
      0.4737602083879235,
      0.626841231491571,
      0.4388499619893161,
      0.5261739235697929,
      0.332825013865286,
      0.4419801780843032,
      0.24602066908561748,
      0.5842780136423761,
      0.4063737638570158,
      0.42506844744094857,
      0.6253446085371542,
      0.39075930012314636,
      0.4077418417949091,
      0.34291237748982395,
      0.9442227146107867,
      0.37280285711427996,
      0.27631722449730006,
      0.5461019208826485,
      0.32343989344640733,
      0.45683829498093104,
      0.5676833495061439,
      0.3571572160082051,
      0.24415282998757096,
      0.6552687210450219,
      0.2626741192492211,
      0.6697066717218376,
      0.44158026756249125,
      0.5495618850077797,
      0.3920325655845674,
      0.6588628515085573,
      0.9772321408533001,
      0.29574679296129114,
      0.4902154141162513,
      0.3272660890715279,
      0.3584267689705084,
      0.5422783042090602,
      0.39742898495276563,
      0.3727135061054967,
      0.3309849948308165,
      0.4143510705888157,
      0.6774679760898281,
      0.24798712543713738,
      0.2951499725744218,
      0.4111761025031001,
      0.39341147283637606,
      0.4671760104710758,
      0.26703580894933654,
      0.5037676179631143,
      0.40037904203351754,
      0.5820488009067518,
      0.3441254045377698,
      0.4742216355309956,
      0.5166862001837367,
      0.5336821805788536,
      0.2971792654563127,
      0.5011335771432293,
      0.38841216384034166,
      0.5943641387521019,
      0.4166238496135695,
      0.4721181631480558,
      0.469200638310166,
      0.454277958916252,
      0.5692307822758801,
      0.2931703287522721,
      0.4221771004821168,
      0.40104427039413937,
      0.5107483184690429,
      0.32560753899004796,
      0.3982890483209164,
      0.2912530420198226,
      0.4065359237046288,
      0.39109544919589484,
      0.5491027875423696,
      0.3134150774730383,
      0.5062474113192639,
      0.49086539472152013,
