{
  "0.001": {
    "final_loss": 31.95777702331543,
    "loss_decreased": true,
    "oscillation": 0.13274108039008248,
    "losses": [
      34.53314971923828,
      34.392494201660156,
      34.25241470336914,
      34.1129150390625,
      33.9739990234375,
      33.835655212402344,
      33.6978759765625,
      33.560672760009766,
      33.424034118652344,
      33.2879638671875,
      33.15244674682617,
      33.01750183105469,
      32.88310623168945,
      32.749267578125,
      32.61598587036133,
      32.48324966430664,
      32.35106658935547,
      32.219425201416016,
      32.08833312988281,
      31.95777702331543
    ]
  },
  "0.01": {
    "final_loss": 17.739543914794922,
    "loss_decreased": true,
    "oscillation": 0.8790446387396919,
    "losses": [
      38.74136734008789,
      37.172000885009766,
      35.66714859008789,
      34.224117279052734,
      32.8403434753418,
      31.51335334777832,
      30.240787506103516,
      29.020383834838867,
      27.8499813079834,
      26.727497100830078,
      25.65094566345215,
      24.618423461914062,
      23.628103256225586,
      22.678239822387695,
      21.767152786254883,
      20.89324378967285,
      20.054969787597656,
      19.2508602142334,
      18.479501724243164,
      17.739543914794922
    ]
  },
  "0.1": {
    "final_loss": 0.02092103846371174,
    "loss_decreased": true,
    "oscillation": 0.04582504907415973,
    "losses": [
      34.2390022277832,
      21.713502883911133,
      13.819214820861816,
      8.827463150024414,
      5.660468578338623,
      3.6442906856536865,
      2.3562495708465576,
      1.5304373502731323,
      0.9990479946136475,
      0.6558437347412109,
      0.4333464801311493,
      0.28855249285697937,
      0.19396182894706726,
      0.13192781805992126,
      0.09108639508485794,
      0.0640924945473671,
      0.046181570738554,
      0.03425144404172897,
      0.02627464383840561,
      0.02092103846371174
    ]
  }
}