{
  "sgd": {
    "losses": [
      59.062923431396484,
      46.23435974121094,
      38.15876007080078,
      33.05738067626953,
      29.823274612426758,
      27.765422821044922,
      26.451101303100586,
      25.608436584472656,
      25.066057205200195,
      24.7155704498291,
      24.488168716430664,
      24.340028762817383,
      24.243122100830078,
      24.179475784301758,
      24.137495040893555,
      24.109697341918945,
      24.091211318969727,
      24.078872680664062,
      24.070598602294922,
      24.06503677368164
    ],
    "lr": 0.1
  },
  "polyak": {
    "losses": [
      63.3780517578125,
      25.886430740356445,
      92.93026733398438,
      31.796993255615234,
      33.1788215637207,
      30.54007911682129,
      36.21958923339844,
      27.10976219177246,
      60.36962127685547,
      25.19456672668457,
      139.52713012695312,
      42.29229736328125,
      24.60116958618164,
      276.8675537109375,
      76.00706481933594,
      27.873552322387695,
      50.97682189941406,
      24.19072723388672,
      1067.67578125,
      274.01544189453125
    ],
    "step_sizes": [
      0.39288061411018826,
      3.8401407462749066,
      0.3533467979234799,
      1.1426610147503504,
      0.9532885328677216,
      1.1757709285159985,
      0.7256686233231113,
      2.0964908992681632,
      0.3886296602846214,
      5.359111026958869,
      0.29110266057573464,
      0.5644984836862367,
      10.491666582560214,
      0.25447937643776264,
      0.3421728688402015,
      1.7311577170565533,
      0.4460289238050744,
      43.61780007570929,
      0.2518452697425665,
      0.2718156899264443
    ]
  },
  "config": {
    "noise_std": 5.0,
    "batch_size": "full",
    "seed": 0,
    "epochs": 20
  }
}