{
  "noise_std": [
    0.1,
    0.1,
    0.1,
    0.1,
    0.1,
    1.0,
    1.0,
    1.0,
    1.0,
    1.0,
    5.0,
    5.0,
    5.0,
    5.0,
    5.0
  ],
  "batch_size": [
    "1",
    "16",
    "256",
    "64",
    "full",
    "1",
    "16",
    "256",
    "64",
    "full",
    "1",
    "16",
    "256",
    "64",
    "full"
  ],
  "sgd_final_loss_mean": [
    0.009764651853323907,
    0.009608259964143,
    0.00956752166772882,
    0.009863311162916943,
    14.084762891133627,
    0.976466035408793,
    0.9608259328774045,
    0.9567520320415497,
    0.9458385668694973,
    0.9556602239608765,
    24.41164931142409,
    23.855966613406224,
    23.918800830841064,
    23.633395949999493,
    23.59638786315918
  ],
  "polyak_final_loss_mean": [
    0.01316510147110076,
    0.013233090356662475,
    0.014496839993322888,
    0.013407017443872368,
    0.11039494723081589,
    1.3165098421164432,
    1.3233084479967754,
    1.4375980099042256,
    1.340702161192894,
    1.6643715103467305,
    32.91274547460377,
    33.082711885845846,
    36.26109600067139,
    33.517555356025696,
    108.07659848531087
  ],
  "sgd_final_loss_std": [
    0.00013149899211636833,
    0.00011589461090368483,
    0.00016314003261303246,
    0.00012543239699904855,
    3.4927357165775894,
    0.013149861186398857,
    0.011589582822598287,
    0.016314310488663504,
    0.01208583225924983,
    0.013604104936164759,
    0.3287472833170351,
    0.3002077404388778,
    0.4078581304038688,
    0.30328142895463484,
    0.33480120619366316
  ],
  "polyak_final_loss_std": [
    0.00023256605506729572,
    0.00028650154369923547,
    0.0018034965160030026,
    0.00027265486390127186,
    0.12739807425335087,
    0.023256790972143705,
    0.028650054698110345,
    0.17332510595265377,
    0.027265355044605165,
    0.9083592343053886,
    0.5814200672320303,
    0.7162503882616503,
    4.517401807004823,
    0.6816329266003657,
    117.3440126216766
  ]
}