{
  "sgd": {
    "losses": [
      44.93346977233887,
      27.911001682281494,
      24.989275455474854,
      24.43358278274536,
      24.452316284179688,
      24.31552267074585,
      24.372172355651855,
      24.284127712249756,
      24.3656268119812,
      24.400094509124756,
      24.43305492401123,
      24.329201221466064,
      24.453222274780273,
      24.274126052856445,
      24.405906200408936,
      24.312461853027344,
      24.377467155456543,
      24.29779815673828,
      24.415830612182617,
      24.485901832580566
    ],
    "lr": 0.1
  },
  "polyak": {
    "losses": [
      40.21640348434448,
      41.92578172683716,
      34.49438524246216,
      38.689505100250244,
      32.76803207397461,
      35.83479022979736,
      38.64830446243286,
      40.40982151031494,
      34.52431392669678,
      41.00011682510376,
      40.68052530288696,
      37.285189628601074,
      36.016873359680176,
      35.62129259109497,
      37.577041149139404,
      35.701945304870605,
      40.23614168167114,
      32.89404487609863,
      35.25549125671387,
      42.604276180267334
    ],
    "step_sizes": [
      0.3417259483445414,
      0.9026378756731147,
      0.6040127090223361,
      1.0182559317140385,
      0.3660228767550646,
      1.9968656714765909,
      0.35676945267455246,
      0.8500838245390254,
      0.6337007287574645,
      1.4576997165187224,
      0.5128341464286752,
      0.931553320063934,
      0.4847725842279508,
      1.8161249940650332,
      0.43356001657872006,
      0.8468561470163009,
      0.8474649961593962,
      0.6423268814771945,
      0.8420420721846008,
      0.8958470087015985,
      0.8352376161234444,
      0.4821413002061575,
      1.5680849988543013,
      0.5589642431898195,
      1.7591147957234854,
      0.4138425787006478,
      1.6117575001458297,
      0.4897323378736258,
      0.9043686233817745,
      0.44124588254428754,
      2.179170762718174,
      0.32799586584472795,
      0.9567260680527747,
      0.5819620869840505,
      0.9318486480368182,
      0.5331596098238147,
      1.5283329858612846,
      0.4513877282347043,
      1.7963847163088675,
      0.4049262984230433,
      1.7348424141484016,
      0.31845112795517827,
      0.6694532514224913,
      0.6570531452777919,
      1.4329783376483238,
      0.29760310018192776,
      1.0838691991161102,
      0.5917535635864661,
      1.2202877458511607,
      0.365048086730574,
      1.0619871949781705,
      0.6572316507057929,
      0.8756051948721509,
      0.6750017858598025,
      1.2431464423108136,
      0.4723190685661625,
      1.1894665166847862,
      0.4212917427321662,
      1.4596102491716016,
      0.4393307517986263,
      1.0561344557120858,
      0.5814499332250055,
      1.1485044901555481,
      0.523325249362183,
      1.3741054832876416,
      0.5003802774689339,
      1.8540793372734337,
      0.38347211393444713,
      0.7646968053160076,
      0.5453552047175908,
      0.7569715558485455,
      0.6834927583562548,
      1.0985408411517217,
      0.5811220173457629,
      1.1953389887168444,
      0.4723722385295192,
      2.3576119209407507,
      0.30871417697098463,
      0.8475293087560659,
      0.8686852193102576
    ]
  },
  "config": {
    "noise_std": 5.0,
    "batch_size": 256,
    "seed": 0,
    "epochs": 20
  }
}