{
  "sgd": {
    "losses": [
      16.032364308834076,
      8.948763072490692,
      5.231527432799339,
      3.310696080327034,
      2.1828935593366623,
      1.6304269507527351,
      1.3231342881917953,
      1.1642003618180752,
      1.0622223764657974,
      1.0111234448850155,
      0.9752465970814228,
      0.9608665145933628,
      0.9520463608205318,
      0.9420973882079124,
      0.9427202492952347,
      0.9342464655637741,
      0.9313880130648613,
      0.9390820935368538,
      0.9372388608753681,
      0.9380362667143345
    ],
    "lr": 0.01
  },
  "polyak": {
    "losses": [
      3.172491490840912,
      1.2969632744789124,
      1.277973748743534,
      1.2512014135718346,
      1.2719049639999866,
      1.337036520242691,
      1.3395234122872353,
      1.2958702594041824,
      1.2744854800403118,
      1.3619874492287636,
      1.3101841062307358,
      1.3700714483857155,
      1.295056451112032,
      1.3494214974343777,
      1.3175642043352127,
      1.3485130444169044,
      1.3311115242540836,
      1.322021596133709,
      1.2456438764929771,
      1.3366127200424671
    ],
    "step_sizes": [
      0.21578769024510802,
      0.22523747708536693,
      0.25940000893562576,
      0.21164716324612962,
      0.2555111127633032,
      0.4625460370350528,
      0.4684727416847846,
      0.6381330461632575,
      0.2961373768289284,
      0.5453806398227965,
      0.278043904884226,
      0.286602150505648,
      0.6956649169134184,
      0.5023292412044394,
      0.33162831023198625,
      0.33314689857746854,
      0.4450178273626549,
      0.7418725624298781,
      0.4406434514996065,
      0.8411997284428938,
      0.3285769928521753,
      0.48619440943986153,
      0.45206202487802805,
      0.8086906845657279,
      0.37764008544034716,
      0.4031388915596914,
      0.48222890993177514,
      0.3644512008054357,
      0.4451999576515238,
      0.5441638609862736,
      0.4512337045629674,
      0.4499778268715677,
      0.44479465494358306,
      0.42540941296732043,
      0.4876414452076449,
      0.5621905489812623,
      0.283232214211774,
      0.43013915281878135,
      0.29987887686982073,
      0.5320312368960618,
      0.46486153262239843,
      0.3339457350825518,
      0.3359313433018896,
      0.43865164539259316,
      0.6052536082501302,
      0.33961171740428936,
      0.32290473439398976,
      0.5181980469229113,
      0.8606975908918678,
      0.645032415679541,
      0.35569388092958554,
      0.4812692760585899,
      0.5504705179884251,
      0.3736066486782812,
      0.5220912791760677,
      0.4404172340854141,
      0.3357894857371392,
      0.7378549736243928,
      0.3797233739045801,
      0.5455860770563664,
      0.4539616153382138,
      0.5764394364919904,
      0.42379422716804704,
      0.21431587730960225,
      0.5732878315327408,
      0.550736422539363,
      0.3652489870361835,
      0.45914748716586923,
      0.7652565363960809,
      0.25788423219164414,
      0.45990749999344516,
      0.5036681887489823,
      0.7094726112250446,
      0.310426254565079,
      0.42736942041610476,
      0.571924183232009,
      0.3858048153087018,
      0.5545847052771284,
      0.34998233194537665,
      0.4562642974124188,
      0.32779275942743474,
      0.4299243050690995,
      0.419795492314102,
      0.32624396786425697,
      0.7275673718693942,
      0.2808256890206308,
      0.4343714728348726,
      0.4847656215253501,
      0.3471321157043821,
      0.7504395545281607,
      0.417748877358176,
      0.2993542326110858,
      0.3988286167191428,
      0.4420922652958535,
      0.4668683633791614,
      0.4686908342371706,
      0.4486025068809686,
      0.5803772662645611,
      0.23510316189759264,
      0.5030004498316728,
      0.40369956134092333,
      0.8994162196666896,
      0.3140462882945284,
      0.4720111928763507,
      0.2901262102857754,
      0.5788292576401819,
      0.2614625855462241,
      0.6378805907363134,
      0.3605399942454532,
      0.5139071481516422,
      0.847427246835808,
      0.23747186174898946,
      0.3379511778880254,
      0.3666121014945639,
      0.26157986945987927,
      0.601085527292198,
      0.4610597985447186,
      0.48946857765857454,
      0.5616768192550501,
      0.26857777643024094,
      0.6423373442055801,
      0.6674483921098827,
      0.31317774548270844,
      0.7862164480021803,
      0.4475101578134391,
      0.47275698016749834,
      0.4948755970275328,
      0.2370341333279224,
      0.6267185768961506,
      0.2768736567698898,
      0.4933943428936335,
      0.27880665086090234,
      0.8355509503953159,
      0.32409354317025285,
      0.5078075848532154,
      0.4296948943725543,
      0.3763809512215202,
      0.4276692487302878,
      0.5265841205687701,
      0.5541552240594653,
      0.39594633433152654,
      0.4965658396931056,
      0.4011420530673361,
      0.48773007687101966,
      0.5369586020135719,
      0.3747251849616815,
      0.35713377430959575,
      0.6999240315365345,
      0.3657680757093468,
      0.3604633367860536,
      0.7947213010798949,
      0.40549929881231817,
      0.5780080878171197,
      0.308899921522064,
      0.5611665890739055,
      0.3889910331180368,
      0.6781838501458868,
      0.32451189681193576,
      0.5389723811353863,
      0.13720587089754466,
      0.6037948729804963,
      0.3895638864983412,
      0.3942449213044121,
      0.3815384722771946,
      0.6274291247894951,
      0.2610063855184701,
      0.40266044903239595,
      0.49316147324050513,
      0.766120071230219,
      0.7358791407886796,
      0.4529931498281232,
      0.5234133056948342,
      0.4479875832738324,
      0.7127624672016681,
      0.29967848017992116,
      0.4246218000118197,
      0.8364566687702586,
      0.18953874022284822,
      0.5930672361020112,
      0.36224066252267473,
      0.3321230164042581,
      0.4761300280646423,
      0.3710487264447299,
      0.4789581309263115,
      0.5062810129696393,
      0.3519918321538518,
      0.38212904579364093,
      0.4143754508872621,
      0.454255404496746,
      0.6724773921001046,
      0.3128557674326541,
      0.2384795702702267,
      0.5552193360153117,
      0.528007877993369,
      0.7385254362706006,
      0.3876036177779698,
      0.527198924325875,
      0.3091824767381893,
      0.35540075033285573,
      0.5599746153367254,
      0.42988335308198794,
      0.5653672793852615,
      0.303632432199954,
      0.3626648509442491,
      0.30947659704050473,
      0.6102265653394663,
      0.5122792043715699,
      0.22681510968276944,
      0.42847140189795424,
      0.26377139696135815,
      0.4138321672512077,
      0.5803306937751113,
      0.3110966447307155,
      0.5213320904754045,
      0.4030876097864034,
      0.5520384830506034,
      0.3574085950878043,
      0.8589953919367584,
      0.24559482449339426,
      0.5939562264200576,
      0.3056351339572017,
      0.574629776616387,
      0.519915276946811,
      0.2964550947723567,
      0.41258837068585513,
      0.8093936376490549,
      0.3133477963689747,
      0.39962952943611535,
      0.4945848358359473,
      0.5515561618685503,
      0.323180738254879,
      0.6650449914214308,
      0.31602634302359833,
      0.37434724208892217,
      0.4149348010365104,
      0.4091638665780653,
      0.5849573047399822,
      0.3388085413498618,
      0.5227490804441981,
      0.3261582941873745,
      0.9720918281973313,
      0.24379321670522083,
      0.2951708194302112,
      0.43431642299902584,
      0.48667395381227335,
      0.5839889409694894,
      0.48548748770256767,
      0.5820313744255514,
      0.43785535507493567,
      0.5186332366059284,
      0.6977017688018528,
      0.43254469908876475,
      0.5098902749840173,
      0.496309924450469,
      0.3226715466794376,
      0.5244863204350612,
      0.4217467377564321,
      0.458188540910923,
      0.37656937712593885,
      0.6819433984731578,
      0.41064705080461145,
