{
  "sgd": {
    "losses": [
      11.532928466796875,
      2.070150375366211,
      0.41204560175538063,
      0.09397124592214823,
      0.02831932995468378,
      0.013866823865100741,
      0.010487220715731382,
      0.009667176520451903,
      0.00949872494675219,
      0.009453121339902282,
      0.009439906105399132,
      0.009435460437089205,
      0.009429293917492032,
      0.009448447730392218,
      0.009396163746714592,
      0.009452637284994125,
      0.009391271276399493,
      0.009457940934225917,
      0.009438567562028766,
      0.009417617926374078
    ],
    "lr": 0.1
  },
  "polyak": {
    "losses": [
      7.032228119671345,
      0.05556107545271516,
      0.01278595463372767,
      0.01625789958052337,
      0.01589746307581663,
      0.01566488784737885,
      0.014386983355507255,
      0.012629005126655102,
      0.012989211129024625,
      0.012889362638816237,
      0.013215718790888786,
      0.014849850675091147,
      0.012613973347470164,
      0.012985443696379662,
      0.01413870370015502,
      0.015126408077776432,
      0.019304099027067423,
      0.01456098910421133,
      0.014945458387956023,
      0.013494560495018959
    ],
    "step_sizes": [
      0.22368773407987663,
      0.23759624689680162,
      0.22692410298708515,
      0.29318531342748266,
      0.2931859989572534,
      0.29585814557354106,
      0.4322308224895998,
      0.9277321633958181,
      0.5189068607141346,
      0.8275715248189973,
      0.5567986396718216,
      1.238046734375577,
      0.357203326088813,
      1.614189612563405,
      0.35509180133540375,
      1.2638514127739413,
      0.3640228280150403,
      1.5005050780224765,
      0.3601593063760453,
      1.6587323904043798,
      0.41147205384935576,
      1.270583428743332,
      0.4329153021507217,
      0.9305272346111726,
      0.5123446392354509,
      1.2755007371088096,
      0.4809522565477527,
      0.9139880317802713,
      0.6450893538864372,
      0.9103184764840333,
      0.664750089955752,
      0.7184855220874315,
      0.6861446075085171,
      0.7959163511355462,
      0.6042185615993166,
      0.6726509790443593,
      0.649432620639551,
      0.6924529124017648,
      1.2140127259191034,
      0.649076005179182,
      0.6727210667773202,
      0.6287077182652778,
      0.9959734046187178,
      0.5251810647205514,
      1.850324773682595,
      0.34049415082294304,
      0.8851163503753816,
      0.7485185149087661,
      0.660409352296402,
      0.6524507004212093,
      0.7180972038818472,
      0.918103396856097,
      0.5640815167372378,
      1.0861165389760703,
      0.5280766259130955,
      1.6930676843104027,
      0.4604153607511111,
      0.9911052459409248,
      0.5184760825430275,
      1.8008357798874282,
      0.37409695306900154,
      1.141699058281176,
      0.5024528959232937,
      2.7226147838998536,
      0.2920754258311654,
      0.6065301568040958,
      1.2881226574561104,
      0.42214237736943083,
      1.3012858630529245,
      0.3796288182548754,
      1.281441023999929,
      0.6311228072642975,
      1.1987061608820133,
      0.41427962063394486,
      1.3022123494179345,
      0.41382010476149483,
      0.9923835934656372,
      0.6491328336003727,
      1.2291923911245395,
      0.5262562073029623
    ]
  },
  "config": {
    "noise_std": 0.1,
    "batch_size": 256,
    "seed": 1337,
    "epochs": 20
  }
}