{
  "sgd": {
    "losses": [
      45.21358871459961,
      37.43901443481445,
      32.48204040527344,
      29.300033569335938,
      27.24379539489746,
      25.906408309936523,
      25.031110763549805,
      24.45479965209961,
      24.073177337646484,
      23.81909942626953,
      23.649078369140625,
      23.534765243530273,
      23.45755958557129,
      23.405200958251953,
      23.36955451965332,
      23.345197677612305,
      23.328502655029297,
      23.3170223236084,
      23.309106826782227,
      23.303634643554688
    ],
    "lr": 0.1
  },
  "polyak": {
    "losses": [
      44.646339416503906,
      23.996448516845703,
      210.37257385253906,
      60.08145523071289,
      25.21450424194336,
      85.78395080566406,
      30.735763549804688,
      32.342071533203125,
      29.890356063842773,
      34.854095458984375,
      26.63013458251953,
      53.27065658569336,
      23.730159759521484,
      321.9347839355469,
      87.04907989501953,
      29.828033447265625,
      34.21677780151367,
      26.882320404052734,
      50.422935485839844,
      23.478946685791016
    ],
    "step_sizes": [
      0.5178404698769409,
      7.624771179284983,
      0.2383659836710347,
      0.3628929866883984,
      3.76606807394766,
      0.35930783500773517,
      1.265888635123912,
      1.0039478729627058,
      1.096905983707347,
      0.6686878368445094,
      1.6759574491390077,
      0.37028785925494523,
      11.774526252426654,
      0.23298112881273977,
      0.2974640232509727,
      1.012350943911357,
      0.6827893413529866,
      1.605135254908258,
      0.39604574741331755,
      27.80724098684433
    ]
  },
  "config": {
    "noise_std": 5.0,
    "batch_size": "full",
    "seed": 1337,
    "epochs": 20
  }
}