{
  "sgd": {
    "losses": [
      6.830179911572486,
      0.01693410874577239,
      0.009747901960508898,
      0.010055912105599418,
      0.009863192011835054,
      0.00965134016587399,
      0.00978360982844606,
      0.009953077300451696,
      0.009882802376523614,
      0.00973993429215625,
      0.009819087747018784,
      0.009951058018486947,
      0.009797543054446578,
      0.009806599147850648,
      0.009839178383117542,
      0.009836488752625883,
      0.009832211770117283,
      0.009971661173040047,
      0.009920320473611355,
      0.009747007541591302
    ],
    "lr": 0.1
  },
  "polyak": {
    "losses": [
      3.8233932367293164,
      0.012986156216356903,
      0.013157388777472079,
      0.013261976942885667,
      0.012252511049155146,
      0.01362954726209864,
      0.013110480038449168,
      0.013218179403338581,
      0.013026903965510428,
      0.012973966193385422,
      0.013116667396388948,
      0.013177534070564434,
      0.012887836724985391,
      0.013306759996339679,
      0.013132481428328902,
      0.012887182703707367,
      0.013230609241873026,
      0.012750235560815781,
      0.013289407652337104,
      0.01309542020317167
    ],
    "step_sizes": [
      0.2582685752682983,
      0.19076611494572523,
      0.1547529367401351,
      0.21259855824210497,
      0.21615677293386934,
      0.18555772741046828,
      0.18469329622119657,
      0.28840705140666595,
      0.2474395389905047,
      0.3248309088368839,
      0.5018318634157937,
      0.39534291982208486,
      0.31972822322481304,
      0.8158995308746279,
      0.42962399459938877,
      0.3359138726850213,
      0.30780942821346563,
      0.5350537030071686,
      0.3281224631454016,
      0.34942723167034195,
      0.42920476079933223,
      0.32785119462306744,
      0.36525764401984967,
      0.8916389469695272,
      0.3150948782050216,
      0.34177446738250655,
      0.31651578972917604,
      0.6109249121703008,
      0.3373519661399318,
      0.41309583981457426,
      0.5039723265112293,
      0.3341247108293774,
      0.37935057143327555,
      0.5828791738313567,
      0.59133267175479,
      0.308497345672735,
      0.2812405201342908,
      0.4418179656442875,
      0.376249872510581,
      0.6407613323762347,
      0.3468622190838113,
      0.3023874929784005,
      0.5076160858903559,
      0.39334816487387103,
      0.42127785451925603,
      0.36200984566521,
      0.4293256647281324,
      0.5082617244761303,
      0.49029799782726846,
      0.4249935867501929,
      0.533682404261693,
      0.25838861442749717,
      0.295259468569368,
      0.4711304409246072,
      0.30936854944693615,
      0.3444678008404604,
      1.0771019949839529,
      0.3713171292642133,
      0.4536128099498663,
      0.43803309410302504,
      1.1039288685424267,
      0.39073666551028774,
      0.3152356544937406,
      0.4192958701343352,
      0.4201603134960245,
      0.6286120517679791,
      0.516611595964452,
      0.3985427479749238,
      0.651035391642086,
      0.46484974452312894,
      0.43579578654807344,
      0.3870635800556903,
      0.831200786272776,
      0.5646322537982233,
      0.5565824560603475,
      0.48434174436138944,
      0.5250393539297534,
      0.6471098509554726,
      0.3083540488321514,
      0.4114692543734734,
      0.33750623184303413,
      0.4933484552780945,
      0.3663863805408843,
      0.6455693261788139,
      0.4728015426337898,
      0.4876813055816654,
      0.3554174927138555,
      0.3402854414205876,
      0.6354786086425187,
      0.326700975064749,
      0.47613855472020167,
      0.5671133670184216,
      0.328593022027261,
      0.7609552791455804,
      0.21261279493772792,
      0.4446643265678351,
      0.5718056709095873,
      0.36382166936807503,
      0.34002364115357736,
      0.6456279288262262,
      0.5078122816535715,
      0.47647414198621263,
      0.28520641100164495,
      0.7748750916397762,
      0.3218723164818983,
      0.5081370534026248,
      0.39296309570610855,
      0.44463882168103036,
      0.6071984193366922,
      0.25714613740333414,
      0.42406448085300724,
      0.2916628126645424,
      0.5924447027214639,
      0.3158843898186351,
      0.3414538444699538,
      0.8121730189778715,
      0.3256238362759992,
      0.3614815557327648,
      0.5507694088597778,
      0.49041251871176567,
      0.3561284617917038,
      0.4778235334679033,
      0.370099581624126,
      0.5480891646392609,
      0.3887195209114678,
      0.825996100727829,
      0.5710517559664551,
      0.2674217955797847,
      0.36509980291710653,
      0.5804986217482578,
      0.33688319029758274,
      0.3095213622758654,
      0.626079711020128,
      0.354598643484272,
      0.3694416447882829,
      0.5090077747973282,
      0.4393117607494181,
      0.594230149001588,
      0.45129144682392364,
      0.4689247869106754,
      0.614057094253017,
      0.42700725853154536,
      0.356218432751124,
      0.3591212551934305,
      0.3707728793022892,
      0.5058005421286131,
      0.4777596876253584,
      0.3293672265842513,
      0.28776875282455705,
      0.8241606325593931,
      0.4024096014119795,
      0.415707101449201,
      0.45576852559960973,
      0.5166727722998085,
      0.553404876462936,
      0.39681629983301997,
      0.46157594406196434,
      0.5043529441969866,
      0.41005399109740026,
      0.718206155227007,
      0.3636261544200692,
      0.44717175519856067,
      0.351223126976603,
      0.3442483413050665,
      0.5143337127057184,
      0.5815528176811957,
      0.5093132788331053,
      0.3371453624300675,
      0.37813969054901164,
      0.3592153119954328,
      0.4740929212205983,
      0.48400328338477444,
      0.4502924649606258,
      0.35807916911052273,
      0.37922643310125176,
      0.5661246100183827,
      0.2829080118999994,
      0.5165746503545519,
      0.4840878799480817,
      0.25761686630046854,
      0.42271004460729583,
      0.4084467767600127,
      0.33265768565271187,
      0.5148976521019987,
      0.5686004301803582,
      0.47376086129552186,
      0.62684000770442,
      0.4388507261159066,
      0.526174517959227,
      0.3328252782411103,
      0.44197806899631686,
      0.24602075413880356,
      0.5842777644163052,
      0.40637448183206765,
      0.4250686035553086,
      0.6253419776456751,
      0.390759872207651,
      0.4077436217769258,
      0.34291303435695814,
      0.944220319645068,
      0.372802349863662,
      0.27631683948255087,
      0.5461008323814532,
      0.3234405743956042,
      0.45683889582555487,
      0.56768337607308,
      0.35715723037542213,
      0.24415284708841672,
      0.6552698482254475,
      0.26267387128828884,
      0.6697040395629547,
      0.441581073161536,
      0.5495621723062261,
      0.392032928040471,
      0.6588647444673396,
      0.977229359221875,
      0.2957453296009921,
      0.49021652300224194,
      0.32726540380538355,
      0.35842653714479455,
      0.5422812200054888,
      0.39742770006018086,
      0.3727119986377942,
      0.33098542573367784,
      0.41435175960132387,
      0.6774668852274311,
      0.24798726978339414,
      0.2951502652529401,
      0.4111761967342922,
      0.3934112521025641,
      0.4671750503894487,
      0.2670354838890107,
      0.5037692532914491,
      0.4003787887242076,
      0.5820489516916323,
      0.34412487218334126,
      0.47422030547625027,
      0.5166866733781109,
      0.53367641078403,
      0.2971787988681454,
      0.5011309980189372,
      0.38841305911566903,
      0.5943640143676054,
      0.41662243975640045,
      0.47211795981424537,
      0.4691998598321074,
      0.4542792978441481,
      0.5692283160146944,
      0.29317120001724256,
      0.42217612395908927,
      0.40104511559838535,
      0.5107457005102304,
      0.3256081767959923,
      0.3982886124530385,
      0.2912532785765331,
      0.40653480968191574,
      0.3910940261864439,
      0.5491039594143433,
      0.31341484281729876,
