{
  "0.001": {
    "final_loss": 25.175161838531494,
    "loss_decreased": true,
    "oscillation": 0.45037995444403756,
    "losses": [
      34.2907977104187,
      33.71726036071777,
      33.219236850738525,
      32.68311595916748,
      32.11679124832153,
      31.730329036712646,
      31.02491855621338,
      30.59164810180664,
      29.969069480895996,
      29.681154251098633,
      29.228581428527832,
      28.7963285446167,
      28.213037967681885,
      27.766911506652832,
      27.367448329925537,
      26.82941246032715,
      26.45136260986328,
      26.036962032318115,
      25.65299940109253,
      25.175161838531494
    ]
  },
  "0.01": {
    "final_loss": 1.7072947919368744,
    "loss_decreased": true,
    "oscillation": 0.6032317380110422,
    "losses": [
      36.550339698791504,
      30.828136920928955,
      26.20390033721924,
      22.26624059677124,
      18.90522861480713,
      16.045331478118896,
      13.668396234512329,
      11.592108726501465,
      9.862787008285522,
      8.385171890258789,
      7.136380434036255,
      6.085138320922852,
      5.185192346572876,
      4.420068085193634,
      3.7790446877479553,
      3.2129244804382324,
      2.7403289675712585,
      2.341082751750946,
      2.000531494617462,
      1.7072947919368744
    ]
  },
  "0.1": {
    "final_loss": 0.009754130616784096,
    "loss_decreased": true,
    "oscillation": 2.352456148299906e-05,
    "losses": [
      19.96584153175354,
      3.26117080450058,
      0.5827141925692558,
      0.11531586851924658,
      0.0308015332557261,
      0.014198590768501163,
      0.010737383039668202,
      0.009996680309996009,
      0.009788584196940064,
      0.009718632558360696,
      0.009757754625752568,
      0.009782070526853204,
      0.009734384017065167,
      0.009713462553918362,
      0.009722552262246609,
      0.009733980754390359,
      0.009727335069328547,
      0.009775030659511685,
      0.009786549489945173,
      0.009754130616784096
    ]
  }
}