{
  "sgd": {
    "losses": [
      21.551247358322144,
      3.782242000102997,
      0.7065033912658691,
      0.14236879721283913,
      0.03594393143430352,
      0.015013125259429216,
      0.010670683579519391,
      0.009745552437379956,
      0.009550030808895826,
      0.009473646758124232,
      0.009486719500273466,
      0.009439331945031881,
      0.009510049829259515,
      0.009458172135055065,
      0.009447825141251087,
      0.00944770872592926,
      0.00947718636598438,
      0.009459845954552293,
      0.009502299129962921,
      0.009490589844062924
    ],
    "lr": 0.1
  },
  "polyak": {
    "losses": [
      13.316631272435188,
      0.10435663373209536,
      0.014113415032625198,
      0.016969401156529784,
      0.015354120638221502,
      0.01408910402096808,
      0.015615268144756556,
      0.016906591597944498,
      0.01630090014077723,
      0.013681132346391678,
      0.01800292427651584,
      0.014368813950568438,
      0.015172288753092289,
      0.014694604324176908,
      0.014449686277657747,
      0.012687186943367124,
      0.017208203673362732,
      0.014459947356954217,
      0.012395880883559585,
      0.012966852867975831
    ],
    "step_sizes": [
      0.25356471621301013,
      0.2462449976792978,
      0.21224329153332233,
      0.246919088407435,
      0.26334933097103175,
      0.266134941237131,
      0.36580253923542544,
      0.552678072792209,
      1.0627866366419445,
      0.6133173063911191,
      1.3666476149019031,
      0.37412612535591033,
      1.6105359947098175,
      0.3845142994640456,
      1.7262247992904676,
      0.32605567745356634,
      0.9015406159461129,
      0.6349364807756096,
      1.9082646284262421,
      0.3472208560685954,
      1.1230768744801003,
      0.4732100750857775,
      1.4685460429390094,
      0.5011945278643293,
      1.6163171465857318,
      0.3488962122663221,
      1.1291113966490591,
      0.4853871179998456,
      2.069497076801121,
      0.28793349976486626,
      1.0173903631178232,
      0.5876475756417444,
      1.1605012803757027,
      0.449428625325411,
      1.9422791361512501,
      0.3432247994952176,
      1.5779087327860433,
      0.5470813129164711,
      1.083212468616217,
      0.5464960196175602,
      1.9544302686895778,
      0.32733288438862734,
      1.8269200069859906,
      0.3405521362826153,
      1.3683287061056808,
      0.4935256483706033,
      1.1743852056058555,
      0.5218958720509433,
      1.6082856682221187,
      0.3706555870099722,
      0.896574008987002,
      0.6255808625903224,
      1.0872034840699616,
      0.4871269159217843,
      1.447693248447555,
      0.4624829783233886,
      1.709484174320155,
      0.37612443681953184,
      0.923802951551066,
      0.8706809147697531,
      0.792261894444086,
      0.9787464261722987,
      0.528560522666778,
      1.0569141922515488,
      0.3464971030745871,
      2.222575796278069,
      0.3499465629852972,
      0.7648967515756545,
      1.0962477190775706,
      0.44786939918981955,
      1.5626550933955674,
      0.4381926736269437,
      0.8238143410314809,
      0.7565939547807661,
      0.5817028140913401,
      1.0844487454724845,
      0.6122882164273018,
      1.0525947575267738,
      0.5285958365949547,
      1.1640785000091416
    ]
  },
  "config": {
    "noise_std": 0.1,
    "batch_size": 256,
    "seed": 42,
    "epochs": 20
  }
}