{
  "0.001": {
    "final_loss": 56.44541549682617,
    "loss_decreased": true,
    "oscillation": 0.1349097357855903,
    "losses": [
      59.062923431396484,
      58.91995620727539,
      58.77758026123047,
      58.635799407958984,
      58.494598388671875,
      58.35398864746094,
      58.21395492553711,
      58.074501037597656,
      57.93562698364258,
      57.797332763671875,
      57.659603118896484,
      57.5224494934082,
      57.3858528137207,
      57.24983215332031,
      57.1143684387207,
      56.979469299316406,
      56.845123291015625,
      56.71133804321289,
      56.57810592651367,
      56.44541549682617
    ]
  },
  "0.01": {
    "final_loss": 42.02203369140625,
    "loss_decreased": true,
    "oscillation": 0.8936008877224393,
    "losses": [
      63.3780517578125,
      61.781654357910156,
      60.25094223022461,
      58.783164978027344,
      57.3757209777832,
      56.026092529296875,
      54.73186492919922,
      53.49074935913086,
      52.300533294677734,
      51.15910339355469,
      50.0644416809082,
      49.01459503173828,
      48.007720947265625,
      47.04202651977539,
      46.115806579589844,
      45.227439880371094,
      44.37534713745117,
      43.55802536010742,
      42.7740478515625,
      42.02203369140625
    ]
  },
  "0.1": {
    "final_loss": 24.064083099365234,
    "loss_decreased": true,
    "oscillation": 0.04562717013888889,
    "losses": [
      58.82001876831055,
      46.076499938964844,
      38.04890060424805,
      32.97667694091797,
      29.76183319091797,
      27.717748641967773,
      26.413841247558594,
      25.57932472229004,
      25.043411254882812,
      24.698062896728516,
      24.474727630615234,
      24.329784393310547,
      24.235368728637695,
      24.173643112182617,
      24.133134841918945,
      24.106454849243164,
      24.08881187438965,
      24.07710075378418,
      24.069299697875977,
      24.064083099365234
    ]
  }
}