{
  "sgd": {
    "losses": [
      26.767660200595856,
      14.553232610225677,
      8.12308555841446,
      4.675557941198349,
      2.9456893503665924,
      2.021635875105858,
      1.5390275195240974,
      1.2715630382299423,
      1.1359315812587738,
      1.0672287717461586,
      1.0161948837339878,
      0.9937104508280754,
      0.9863507375121117,
      0.9708356186747551,
      0.9737304709851742,
      0.9651737734675407,
      0.967407301068306,
      0.9673454537987709,
      0.9693760201334953,
      0.962909534573555
    ],
    "lr": 0.01
  },
  "polyak": {
    "losses": [
      5.551539361476898,
      1.3197335712611675,
      1.395339660346508,
      1.3649826236069202,
      1.3706148155033588,
      1.3468485325574875,
      1.3888186514377594,
      1.3550274185836315,
      1.3529129549860954,
      1.3710744008421898,
      1.3223347552120686,
      1.3454323187470436,
      1.3406030125916004,
      1.349442757666111,
      1.3481829538941383,
      1.3339334838092327,
      1.293393101543188,
      1.3339177966117859,
      1.3788252100348473,
      1.3759516514837742
    ],
    "step_sizes": [
      0.170988802685976,
      0.19139537805014856,
      0.20658210533535237,
      0.2720748256631037,
      0.4384968718224503,
      0.6322395091595667,
      0.4090172422532357,
      0.3168310723161512,
      0.31012440844859174,
      0.5695536826773411,
      0.3497238143391244,
      0.45276847738324494,
      0.6411314862110452,
      0.554664444628032,
      0.334347266668326,
      0.3204766642061048,
      0.30216586882122765,
      0.7668171212618725,
      0.30976252230313167,
      0.39757050483493545,
      0.41892477804407624,
      0.35612481895693787,
      0.4897536818604515,
      0.5645081138337442,
      0.4848308741878506,
      0.37075166736190596,
      0.29101725661322303,
      0.7121304684209994,
      0.44217566511052464,
      0.8492588972362327,
      0.5143555703443151,
      0.35367912432703896,
      0.48142083390591384,
      0.4705873481180088,
      0.5360797679465769,
      0.5399831900532996,
      0.454700999853178,
      0.5051546760013521,
      0.39578576303893853,
      0.4144645105696774,
      0.5590423583446656,
      0.26069331240072696,
      0.717978877415438,
      0.29134611240999636,
      0.6201678341026694,
      0.2923452286309455,
      0.3911767279984391,
      0.22420594247476539,
      0.5246780999663276,
      0.40222723034977875,
      0.5541830500044387,
      0.3253669170682023,
      0.3874021668162261,
      0.502503366459676,
      0.39231413903720846,
      0.32277847930865683,
      0.5512914968973609,
      0.23715404221049646,
      0.45789925013374977,
      0.6431483250061414,
      0.389781042423829,
      0.8001256895764363,
      0.3950570637862698,
      0.22534380631566348,
      0.5590174661470299,
      0.5244102233138345,
      0.34145951826600474,
      0.5749789810805801,
      0.30872530862362735,
      0.4502867681181935,
      0.5254492134641865,
      0.37272001460368287,
      0.5544293173094043,
      0.45784323938558813,
      0.386556316683556,
      0.33720934882562525,
      0.6378795608464399,
      0.2508774872928646,
      0.29004361661658873,
      0.246141196257217,
      0.3829356093146554,
      0.34876454538806995,
      0.34736182502703394,
      1.3735567149189947,
      0.38408074702597683,
      0.28463804823198474,
      0.3857182597748386,
      0.41978370251284036,
      0.4284687534649906,
      0.45261113121369656,
      0.27119645579927015,
      0.41304350189288,
      0.5496762515900756,
      0.4371124553172968,
      0.34832916385789375,
      0.26857275513791334,
      0.36169184011011285,
      0.7156643271546942,
      0.5440538607752103,
      0.32636626663048485,
      0.3459590011149598,
      0.5038579289131622,
      0.36641970277877334,
      0.41795470270513446,
      0.7202127079407922,
      0.363200659757796,
      0.42708046700062613,
      0.3492507737185496,
      0.6568480406852225,
      0.37782051380464593,
      0.3567555642188484,
      0.2725499835089166,
      0.647193800811403,
      0.3690219859512077,
      0.4810039315848127,
      0.3824700081040765,
      0.3655518734118863,
      0.6703372266337613,
      0.3870513562150318,
      0.482372524549055,
      0.6401113139205442,
      0.3445825701586506,
      0.5016508165177368,
      0.3306213931763384,
      0.24694246970804418,
      0.44074094997688884,
      0.24249849883603092,
      0.3803358218405729,
      0.8160001671253795,
      0.3069116453408825,
      0.37210219807546113,
      0.6190172258073054,
      0.3273337598771007,
      0.43455810005113066,
      0.2538148200732457,
      0.5978698598699275,
      0.3822565140811557,
      0.345732390480941,
      0.5716042763640155,
      0.3122862059148878,
      0.3904306654644877,
      0.6938606304297571,
      0.3196708621742729,
      0.2491693148798929,
      0.3145185629236765,
      1.077357899023242,
      0.3408723921744961,
      0.4030733045234078,
      0.46188919172712617,
      0.5041705062409383,
      0.40956257806352087,
      0.6042043454766705,
      0.4100336353382309,
      0.5299754203593421,
      0.41403015821078887,
      0.5541439248600707,
      0.677935613265218,
      0.25516064890065215,
      0.4802077750456494,
      0.3582425478877229,
      0.39607138902526334,
      0.4298579696993336,
      0.5000258851649221,
      0.31743681783648514,
      0.6341880765463253,
      0.6131522309592197,
      0.28300831966695267,
      0.37834518444048443,
      0.3898869623261561,
      0.41605975807794676,
      0.3648398977244018,
      0.5845403436026301,
      0.37538594596740227,
      0.6605762478536107,
      0.4361419481990261,
      0.3970530272649572,
      0.4027017604048951,
      0.7832319702986159,
      0.3142771991236839,
      0.5032747719664554,
      0.28561158697755495,
      0.7030388611804387,
      0.374070200061861,
      0.40113248318201866,
      0.48430019427716664,
      0.35646885209170354,
      0.5742804431757198,
      0.5626077729790102,
      0.5565440757228451,
      0.48605466638479394,
      0.5484274974111093,
      0.2483452547421058,
      0.324097591008628,
      0.5458703354027556,
      0.3534279868881247,
      0.4000834465321983,
      0.7007951325349319,
      0.2759492159400323,
      0.44444221996089023,
      0.9869605569899649,
      0.28978094694659084,
      0.5466349856982307,
      0.5582430913139588,
      0.40051491085426966,
      0.4510531277820805,
      0.5341269658630649,
      0.5241052447429544,
      0.2868503107920281,
      0.6303664370774762,
      0.23821509870903548,
      0.46936121946988757,
      0.580840500403387,
      0.32097720747366354,
      0.6387458890489287,
      0.3824522534374592,
      0.5127571188504261,
      0.4042530644240628,
      0.8213937877281936,
      0.42238990617964317,
      0.5002173236569772,
      0.4464843733614467,
      0.5787071231850224,
      0.28024351802361674,
      0.3092620753226357,
      0.48169312037845785,
      0.6777273857575185,
      0.5337798760870495,
      0.2542803455106684,
      0.4841183058190875,
      0.40055271954220245,
      0.30892117582769313,
      0.3780621967564657,
      0.5298414026624956,
      0.7002660924913755,
      0.3078467438667692,
      0.3801917289330336,
      0.5887822968025475,
      0.5332636246967513,
      0.3528389333491008,
      0.48594576395198696,
      0.578770622537489,
      0.4576830036343331,
      0.30588189697914203,
      0.37986225550203284,
      0.33697758255883886,
      0.507531467753882,
      0.31582782864175396,
      0.6042747928242337,
      0.5807658392058516,
      0.3548453436680339,
      0.8961782162288139,
      0.3249787272042225,
      0.3824181079906842,
      0.4425394240289915,
      0.4207055296542946,
      0.29839349122578207,
      0.28159367756915626,
      0.4492045796960409,
      0.35784582488803734,
      0.40128886068787967,
      0.4471607314575685,
