{
  "sgd": {
    "losses": [
      37.77155685424805,
      24.668861389160156,
      16.274465560913086,
      10.879900932312012,
      7.402440547943115,
      5.153881072998047,
      3.695483446121216,
      2.746699571609497,
      2.1275947093963623,
      1.7224141359329224,
      1.4564636945724487,
      1.281400203704834,
      1.165840744972229,
      1.0893510580062866,
      1.038587212562561,
      1.004809856414795,
      0.9822788834571838,
      0.9672131538391113,
      0.9571160674095154,
      0.9503336548805237
    ],
    "lr": 0.1
  },
  "polyak": {
    "losses": [
      40.054996490478516,
      10.381324768066406,
      2.887970447540283,
      1.080581545829773,
      2.0356833934783936,
      0.9499899744987488,
      16.49454689025879,
      4.422903060913086,
      1.4133230447769165,
      1.0504957437515259,
      2.4304497241973877,
      0.9978885650634766,
      4.043764591217041,
      1.3188132047653198,
      1.1385282278060913,
      1.6046897172927856,
      0.9650374054908752,
      8.110556602478027,
      2.309262752532959,
      0.9743000864982605
    ],
    "step_sizes": [
      0.2605959667079836,
      0.2871117689524667,
      0.3981144109869374,
      2.129859046936434,
      0.5166804538342594,
      20.121766022387117,
      0.3039045024654563,
      0.372359794912914,
      0.8888411393214525,
      2.6861560227055326,
      0.46628993080085473,
      4.863320354869547,
      0.3892751933969794,
      1.0397803288287404,
      1.6824827183757762,
      0.7133946594969781,
      9.666527173260137,
      0.3229145287162009,
      0.4881629452722862,
      7.53738193681387
    ]
  },
  "config": {
    "noise_std": 1.0,
    "batch_size": "full",
    "seed": 42,
    "epochs": 20
  }
}