{
  "0.001": {
    "final_loss": 0.2880973901067461,
    "loss_decreased": true,
    "oscillation": 0.24725391152043827,
    "losses": [
      30.496306631300186,
      23.641846354045565,
      18.424241171942818,
      14.204701128460112,
      11.01299480407957,
      8.626438655550517,
      6.663469939004807,
      5.200411372714573,
      4.057359523243374,
      3.1775315299866693,
      2.51338259379069,
      1.9468674404280526,
      1.5124217356954301,
      1.184731493866633,
      0.936078669532897,
      0.7325661612881554,
      0.5800360029652005,
      0.457653675997068,
      0.363324390044288,
      0.2880973901067461
    ]
  },
  "0.01": {
    "final_loss": 0.009826695598247979,
    "loss_decreased": true,
    "oscillation": 3.890308914492606e-05,
    "losses": [
      14.400405898926751,
      1.139865340931075,
      0.10923151006656033,
      0.019557663254321567,
      0.010879516291121641,
      0.010010420440858791,
      0.009941793349941098,
      0.009809340054671916,
      0.009836507236791981,
      0.009896203136396787,
      0.009792549276931418,
      0.009760535277781032,
      0.009817479595926309,
      0.00981904323848467,
      0.009790585686763128,
      0.009873852244622651,
      0.009907677551613205,
      0.009842382832652046,
      0.009810158361991247,
      0.009826695598247979
    ]
  },
  "0.1": {
    "final_loss": 0.011340483989832657,
    "loss_decreased": true,
    "oscillation": 0.0002164445900419035,
    "losses": [
      1.9946712684403691,
      0.011531498630545915,
      0.011540286028609863,
      0.011486115946715314,
      0.011411704754989063,
      0.011280279761801163,
      0.011779218357765959,
      0.011255679356436881,
      0.011594741590439326,
      0.011621147401571746,
      0.011870891188404389,
      0.011516505212981313,
      0.011703295537107994,
      0.011538327789850651,
      0.011939887474808428,
      0.01158654314303209,
      0.011451370585414152,
      0.011468104685523681,
      0.011571817632232393,
      0.011340483989832657
    ]
  }
}