{
  "Adam": {
    "metrics": {
      "train_losses": [
        3.7064926624298096,
        0.37394818663597107,
        0.3512445092201233,
        0.3395639657974243,
        0.3368174731731415,
        0.3316212594509125,
        0.3301382064819336,
        0.3298106789588928,
        0.32943618297576904,
        0.32994842529296875,
        0.32764968276023865
      ],
      "val_losses": [
        3.706719398498535,
        0.3769865036010742,
        0.3546813726425171,
        0.34249359369277954,
        0.34077712893486023,
        0.33626052737236023,
        0.33571353554725647,
        0.3354685306549072,
        0.33641162514686584,
        0.33777549862861633,
        0.3358132839202881
      ],
      "iterations": [
        0,
        200,
        400,
        600,
        800,
        1000,
        1200,
        1400,
        1600,
        1800,
        1999
      ],
      "best_val_loss": 0.3354685306549072,
      "early_stopped": false
    },
    "final_val_loss": 0.3358132839202881,
    "best_val_loss": 0.3354685306549072,
    "hyperparams": {
      "lr": 0.001,
      "betas": [
        0.9,
        0.999
      ]
    }
  },
  "SGD": {
    "metrics": {
      "train_losses": [
        3.7064926624298096,
        1.9982726573944092,
        1.8984988927841187,
        1.8035316467285156,
        1.7629777193069458,
        1.6400232315063477,
        1.3601675033569336,
        1.0311861038208008,
        0.8781285285949707,
        0.8528861999511719,
        0.5911713242530823
      ],
      "val_losses": [
        3.706719398498535,
        2.0037643909454346,
        1.907822608947754,
        1.817156195640564,
        1.7773330211639404,
        1.6545078754425049,
        1.371606469154358,
        1.041436791419983,
        0.8918393850326538,
        0.861065685749054,
        0.5957184433937073
      ],
      "iterations": [
        0,
        200,
        400,
        600,
        800,
        1000,
        1200,
        1400,
        1600,
        1800,
        1999
      ],
      "best_val_loss": 0.5957184433937073,
      "early_stopped": false
    },
    "final_val_loss": 0.5957184433937073,
    "best_val_loss": 0.5957184433937073,
    "hyperparams": {
      "lr": 0.1
    }
  },
  "Polyak": {
    "metrics": {
      "train_losses": [
        3.7064926624298096,
        7.034056186676025,
        2.792013645172119,
        3.7905218601226807,
        3.002870798110962,
        5.586462497711182,
        5.298765659332275,
        3.0212748050689697,
        2.797856092453003,
        4.996016025543213,
        3.5209033489227295
      ],
      "val_losses": [
        3.706719398498535,
        7.071783542633057,
        2.797286033630371,
        3.7921559810638428,
        3.012648820877075,
        5.586869716644287,
        5.299811363220215,
        3.024104595184326,
        2.800096035003662,
        4.983260631561279,
        3.5271146297454834
      ],
      "iterations": [
        0,
        200,
        400,
        600,
        800,
        1000,
        1200,
        1400,
        1600,
        1800,
        1999
      ],
      "best_val_loss": 2.797286033630371,
      "early_stopped": false,
      "step_sizes": [
        0.0,
        30.611070295107883,
        3.915302427694384,
        2.8532992686541627,
        1.783482918576467,
        17.091149916470258,
        16.435852293119563,
        4.890525513406372,
        3.1428548144155215,
        34.68015010017672,
        4.122161500752564
      ]
    },
    "final_val_loss": 3.5271146297454834,
    "best_val_loss": 2.797286033630371,
    "hyperparams": {
      "eps": 1e-08,
      "f_star": 0.0
    }
  }
}