{
  "sgd": {
    "losses": [
      46.29354667663574,
      27.72365951538086,
      24.425007820129395,
      23.687296390533447,
      23.727303504943848,
      23.776479721069336,
      23.71915912628174,
      23.678409576416016,
      23.728103637695312,
      23.641809940338135,
      23.708093643188477,
      23.59532642364502,
      23.775020122528076,
      23.645397663116455,
      23.61942720413208,
      23.619242191314697,
      23.692919731140137,
      23.649580478668213,
      23.755742073059082,
      23.726462841033936
    ],
    "lr": 0.1
  },
  "polyak": {
    "losses": [
      38.748694896698,
      32.67037010192871,
      32.356653690338135,
      34.80650520324707,
      38.39786338806152,
      35.55482721328735,
      38.949373722076416,
      41.05751705169678,
      40.16706323623657,
      33.60794019699097,
      44.89271640777588,
      35.787620067596436,
      37.85103225708008,
      36.70492172241211,
      36.11851406097412,
      31.698287963867188,
      43.00077438354492,
      36.14873790740967,
      30.990488052368164,
      32.431153774261475
    ],
    "step_sizes": [
      0.38941312121331995,
      0.922806513243868,
      0.5694764489164019,
      0.9258094922247584,
      0.8316879653545066,
      0.7835631189844626,
      0.5964644777177637,
      0.7498333694704403,
      0.7261778611614527,
      0.9758581443848876,
      0.7454899388985357,
      0.5865749417299552,
      1.0596538040742982,
      0.5844240514402192,
      1.394555839166534,
      0.387970996721901,
      0.946672614910304,
      0.6047054142865125,
      1.7074973484177534,
      0.3498979906841194,
      1.175999709674673,
      0.45216535822089227,
      1.4745028503126945,
      0.5028416282486986,
      1.668518922048362,
      0.3467061160048311,
      1.0389828397369714,
      0.5268978375333081,
      1.8828716284716605,
      0.30050918842391866,
      1.0537717128431867,
      0.5452290886111367,
      1.346606249990278,
      0.4121845875548702,
      1.779694444324372,
      0.35961969770482033,
      1.3973053911406847,
      0.575456543024131,
      1.0504801731403683,
      0.5662930245611333,
      1.7107838528840753,
      0.3372394202985406,
      1.986189860238463,
      0.32846125853277025,
      1.3788878478452407,
      0.5124406766414582,
      1.171432689958747,
      0.5260786084555364,
      1.6095125680854954,
      0.36992985554191166,
      0.8950805406794432,
      0.6283357429954909,
      1.0826835444988152,
      0.4873520357394039,
      1.4455402760496947,
      0.46356797813477507,
      1.7058143834837118,
      0.3761074612064405,
      0.9254030371020314,
      0.868891690255453,
      0.7942833151947011,
      0.9748051446205558,
      0.530138575554223,
      1.0543864884286456,
      0.3473906448482705,
      2.2227390075306417,
      0.34990725685155155,
      0.7652624314057636,
      1.0967883111784766,
      0.4479284629880998,
      1.56187587379273,
      0.43828314012264047,
      0.8232765370103474,
      0.757333958126053,
      0.5811426746900393,
      1.0857583625080613,
      0.6112647829436184,
      1.0545725867070936,
      0.5276689372675296,
      1.1662335449551866
    ]
  },
  "config": {
    "noise_std": 5.0,
    "batch_size": 256,
    "seed": 42,
    "epochs": 20
  }
}