{
  "sgd": {
    "losses": [
      19.598438262939453,
      18.826929092407227,
      18.086570739746094,
      17.376075744628906,
      16.6942081451416,
      16.0397891998291,
      15.411686897277832,
      14.808816909790039,
      14.230143547058105,
      13.674668312072754,
      13.14144229888916,
      12.629549980163574,
      12.1381196975708,
      11.666311264038086,
      11.213324546813965,
      10.778387069702148,
      10.360766410827637,
      9.959752082824707,
      9.574670791625977,
      9.20487117767334
    ],
    "lr": 0.01
  },
  "polyak": {
    "losses": [
      19.143543243408203,
      4.9135518074035645,
      1.262481451034546,
      0.32504332065582275,
      0.08510953933000565,
      0.024204332381486893,
      0.009933729656040668,
      0.04019206389784813,
      0.013182898983359337,
      0.011282111518085003,
      0.016277695074677467,
      0.009579217992722988,
      0.08822809159755707,
      0.025025244802236557,
      0.01004830002784729,
      0.03470125049352646,
      0.011952540837228298,
      0.013611575588583946,
      0.010833262465894222,
      0.0194262582808733
    ],
    "step_sizes": [
      0.24612424226532292,
      0.2596184568754558,
      0.2743442287275754,
      0.29243011969382343,
      0.32997485214247546,
      0.4925791293772034,
      5.176212988781403,
      0.412866587115916,
      1.1069523137965154,
      1.8247994414255098,
      0.7304288735311376,
      10.418519140490051,
      0.31185819907442713,
      0.4587759634541176,
      4.119471778135828,
      0.4040106205701048,
      1.3756465304876673,
      0.9457848859484362,
      2.0809911470710794,
      0.5531703493344081
    ]
  },
  "config": {
    "noise_std": 0.1,
    "batch_size": "full",
    "seed": 1337,
    "epochs": 20
  }
}