{
  "0.001": {
    "final_loss": 26.176263332366943,
    "loss_decreased": true,
    "oscillation": 0.4484584066602919,
    "losses": [
      35.25089120864868,
      34.70158576965332,
      34.2300763130188,
      33.69763374328613,
      33.117337703704834,
      32.726537227630615,
      32.03625726699829,
      31.569176197052002,
      30.93578004837036,
      30.683303833007812,
      30.21238899230957,
      29.803388595581055,
      29.22658634185791,
      28.751733779907227,
      28.3550763130188,
      27.82938814163208,
      27.430779933929443,
      27.011592864990234,
      26.61800241470337,
      26.176263332366943
    ]
  },
  "0.01": {
    "final_loss": 2.6513759791851044,
    "loss_decreased": true,
    "oscillation": 0.6043597625361549,
    "losses": [
      37.573713302612305,
      31.833791732788086,
      27.18983507156372,
      23.25534725189209,
      19.8697452545166,
      17.01341199874878,
      14.639867305755615,
      12.561363220214844,
      10.829927682876587,
      9.34249210357666,
      8.090613842010498,
      7.0362221002578735,
      6.144756436347961,
      5.370742559432983,
      4.732760787010193,
      4.170092582702637,
      3.702363431453705,
      3.2972482442855835,
      2.9587627053260803,
      2.6513759791851044
    ]
  },
  "0.1": {
    "final_loss": 0.9754125326871872,
    "loss_decreased": true,
    "oscillation": 0.0023931115865707397,
    "losses": [
      20.99349808692932,
      4.2301546931266785,
      1.5560633540153503,
      1.0802190899848938,
      0.9950386881828308,
      0.9807369560003281,
      0.9746261984109879,
      0.9762192666530609,
      0.9737901091575623,
      0.9706265926361084,
      0.9752318561077118,
      0.9781148582696915,
      0.9734425097703934,
      0.9713402837514877,
      0.9722584933042526,
      0.973400354385376,
      0.972738727927208,
      0.9775038510560989,
      0.9786549955606461,
      0.9754125326871872
    ]
  }
}