{
  "0.001": {
    "final_loss": 0.009949293127457836,
    "loss_decreased": true,
    "oscillation": 1.5420664931399273e-05,
    "losses": [
      8.65916119100446,
      0.17429085216029166,
      0.014181741159918942,
      0.010110368504028485,
      0.009919910710983889,
      0.009972490249954924,
      0.009958884449982974,
      0.009955269605329135,
      0.009956540679371585,
      0.009976835993721928,
      0.009960309842898255,
      0.009949388693471804,
      0.009960254549478336,
      0.009962243618845719,
      0.009942132443543812,
      0.009936666775701397,
      0.009950438971676717,
      0.009972642119009834,
      0.009934238761669099,
      0.009949293127457836
    ]
  },
  "0.01": {
    "final_loss": 0.012464837290989862,
    "loss_decreased": true,
    "oscillation": 0.0002975535766101701,
    "losses": [
      1.2763555616018492,
      0.012491819058356413,
      0.01286229042975242,
      0.012632664429067348,
      0.012169116032498054,
      0.012225692822842036,
      0.01261110987480771,
      0.01286713371599791,
      0.01232372409112338,
      0.013048794024399598,
      0.012242052402800439,
      0.012860242706982489,
      0.012261264826970389,
      0.012367878014533857,
      0.012647853089521049,
      0.01222602761279628,
      0.012244233882026834,
      0.012561861880766073,
      0.012671632584904046,
      0.012464837290989862
    ]
  }
}